,0,1,2,3,4,5,6,7,8,9,10,11,12,13,14,15
0,220101,925,-0.04366083154074152,663.0,0.9452956316054079,-0.041121930543081234,663.0,0.9452956316054079,0.0,,0,,0,,0,
1,220101,930,-0.048522157349592074,658.0,0.948120929620417,-0.044627833497410736,658.0,0.948120929620417,0.9999966666777778,,3,6.028143671585453,3,6.028143671585453,0,
2,220101,935,-0.03167806037440442,658.0,0.9504509722213625,-0.041768809862467025,658.0,0.9504509722213625,0.0,,0,,0,,0,
3,220101,940,-0.03687193046593457,679.0,0.9247947157287292,-0.03578781738811341,679.0,0.9247947157287292,0.9999900000999989,,1,0.24067388688327318,1,0.24067388688327318,0,
4,220101,945,-0.035861987762725166,665.0,0.9280559651505077,-0.03038524229083812,665.0,0.9280559651505077,0.0,,1,-2.681992337164751,0,,1,-2.681992337164751
5,220101,950,-0.03475102921954836,676.0,0.9188317470605891,-0.0386660165975479,676.0,0.9188317470605891,0.7999984000032001,0.8254771815056009,5,0.7002003729345715,4,1.2554786030503435,1,-1.520912547528517
6,220101,955,-0.03895056477865231,651.0,0.9606580610827707,-0.03503669866658365,651.0,0.9606580610827707,0.7999992000008,0.8382761097062663,10,0.7227090002816983,8,1.2872987684055905,2,-1.5356500722138708
7,220101,1000,-0.043956292930373134,677.0,0.8965939942092463,-0.033365620810554934,677.0,0.8965939942092463,0.4999991666680556,0.9512674172283895,6,-0.02827366817617964,3,1.1038125940328827,3,-1.1603599303852417
8,220101,1005,-0.03258305973454758,663.0,0.9594697655026985,-0.031185598380841936,663.0,0.9594697655026985,0.49999875000312505,0.42863103244808937,4,-0.38523399361113503,2,0.57799164390439,2,-1.34845963112666
9,220101,1010,-0.027989307226460206,667.0,0.9875036187555551,-0.03506431715441964,667.0,0.9875036187555551,0.49999875000312505,2.206928652632174,4,0.5776480329940088,2,2.112515917773331,2,-0.9572198517853132
10,220101,1015,-0.028540996134591316,663.0,0.9847873415028913,-0.03370704162726233,663.0,0.9847873415028913,0.0,,1,-1.3605442176870748,0,,1,-1.3605442176870748
11,220101,1020,-0.026494173053456534,662.0,1.0268516260152447,-0.029703501453944615,662.0,1.0268516260152447,0.49999750001249993,2.75625,2,1.1947278911564627,1,3.75,1,-1.3605442176870748
12,220101,1025,-0.015748262861559316,656.0,1.0584231918969238,-0.023284927274072515,656.0,1.0584231918969238,0.0,,0,,0,,0,
13,220101,1030,-0.02654572078383473,652.0,1.1110972248978472,-0.018181297920910534,652.0,1.1110972248978472,0.6666644444518518,1.3702763104429094,3,0.7893662679754282,2,1.8643215108066795,1,-1.3605442176870748
14,220101,1035,-0.02901123784650422,658.0,1.0755206727232742,-0.022859543233942917,658.0,1.0755206727232742,0.49999750001249993,0.5647639956092206,2,-0.29607891455155055,1,0.7683863885839737,1,-1.3605442176870748
15,220101,1040,-0.01512360033291716,658.0,1.0426889456914001,-0.027063764074917906,658.0,1.0426889456914001,0.7499981250046875,1.9257675792042732,4,1.6249329039499387,3,2.6200919444956097,1,-1.3605442176870748
16,220101,1045,-0.020511231948241195,656.0,1.0132484838811955,-0.026902127440221413,656.0,1.0132484838811955,0.49999750001249993,0.7195121951219512,2,-0.23770152955766843,1,1.2195121951219512,1,-1.694915254237288
17,220101,1050,-0.019210360840938183,663.0,0.9924942471158399,-0.027571330377351214,663.0,0.9924942471158399,0.6666644444518518,1.1939435216622278,3,0.6294272305326329,2,1.6244129546424868,1,-1.3605442176870748
18,220101,1055,-0.017690964552139664,646.0,1.009622202111201,-0.02100213418522067,646.0,1.009622202111201,0.9999900000999989,,1,0.9615384615384616,1,0.9615384615384616,0,
19,220101,1100,-0.02024900741306445,654.0,1.0030562308697692,-0.023279824596337182,654.0,1.0030562308697692,0.6666644444518518,0.7176326530612245,3,0.24591260232906728,2,1.2163265306122448,1,-1.694915254237288
20,220101,1105,-0.013784893509816676,648.0,1.0077789227626945,-0.019337651647458574,648.0,1.0077789227626945,0.6666644444518518,0.46152124735472255,3,-0.05199831438551008,2,0.9355160419352485,1,-2.027027027027027
21,220101,1110,-0.018373174171746876,657.0,0.9470910143333882,-0.021851526806203118,657.0,0.9470910143333882,0.8333319444467593,0.8886517476351949,6,1.3525707725719318,5,2.0944653984667894,1,-2.356902356902357
22,220101,1115,-0.017787423966453355,658.0,0.9798281539129091,-0.020972476794774167,658.0,0.9798281539129091,0.0,,0,,0,,0,
23,220101,1120,-0.018647010156776046,661.0,0.9646756568541729,-0.015529266140712273,661.0,0.9646756568541729,0.9999900000999989,,1,2.7083333333333335,1,2.7083333333333335,0,
24,220101,1125,-0.016685676170753245,654.0,0.9612015185677331,-0.021383470686544812,654.0,0.9612015185677331,0.0,,0,,0,,0,
25,220101,1130,-0.01354482569001858,642.0,1.0214709772550785,-0.017668625170397266,642.0,1.0214709772550785,0.3333322222259259,1.2951080665912227,3,-0.04324772953742881,1,0.23837902264600713,2,-0.1840611056291468
26,220101,1135,-0.01480937655490909,646.0,0.9965749644183592,-0.014447345339355995,646.0,0.9965749644183592,0.4999991666680556,1.0963343257184806,6,0.07281751399124951,3,1.6574017517989976,3,-1.5117667238164987
27,220101,1140,-0.015575693545266847,646.0,1.0002419258812918,-0.018330713479729376,646.0,1.0002419258812918,0.571427755103207,1.0787892350335853,7,0.24861348776564435,4,1.4275185133481811,3,-1.323259879677738
28,220101,1145,-0.014219942157250717,646.0,0.9663227148488466,-0.017774253952199306,646.0,0.9663227148488466,0.0,,0,,0,,0,
29,220101,1150,-0.012966474207365025,638.0,0.9775420079679126,-0.02060076503337605,638.0,0.9775420079679126,0.45454504132268975,0.992672262826225,11,-0.003635071845369951,5,1.0833572219027299,5,-1.0913543799625436
30,220101,1155,-0.011787202349423662,653.0,0.9550834100634361,-0.018536949087203946,653.0,0.9550834100634361,0.0,,0,,0,,0,
31,220101,1200,-0.015193530176350703,656.0,0.9389150356777967,-0.011960933470189276,656.0,0.9389150356777967,0.0,,1,-0.15847860538827258,0,,1,-0.15847860538827258
32,220101,1205,-0.016413568671116922,630.0,0.9746782221087644,-0.01589121808490503,630.0,0.9746782221087644,0.0,,0,,0,,0,
33,220101,1210,-0.016516744728638535,650.0,0.9802350571699429,-0.01677364321004412,650.0,0.9802350571699429,0.4999991666680556,0.24712261043876005,6,-0.37587011755781136,3,0.44279499736901057,2,-1.79180284872695
34,220101,1215,-0.016384417717819226,649.0,0.9875207818866214,-0.015103886735879321,649.0,0.9875207818866214,0.5999988000024,0.28274799640025416,5,-0.3681015628504935,3,0.4518317177939237,2,-1.5980014838171195
35,220101,1220,-0.016227770283336895,653.0,0.9869495617683481,-0.014444439887347576,653.0,0.9869495617683481,0.5999988000024,2.4289372767629644,5,0.7943639071910238,3,1.8247860595654302,2,-0.7512693213705854
36,220101,1225,-0.011836031570409146,621.0,1.0141117803612552,-0.014685423892876606,621.0,1.0141117803612552,0.7999984000032001,1.1712246475106232,5,0.5802989905578728,4,0.9222241318981284,1,-0.7874015748031495
37,220101,1230,-0.012578674187067118,649.0,0.9506455119439917,-0.012146874816207581,649.0,0.9506455119439917,0.5999988000024,1.1786954603794726,5,0.2308029146248915,3,0.8855177386218761,2,-0.7512693213705854
38,220101,1235,-0.013233356635827581,643.0,0.9601473327713704,-0.016330481461207663,643.0,0.9601473327713704,0.4285708163274053,1.1939772591564808,7,0.07065247385415505,3,1.0147274172977603,3,-0.8498716449713987
39,220101,1240,-0.011197139771452685,631.0,0.9725676545994141,-0.017789994629482615,631.0,0.9725676545994141,0.4999991666680556,1.1285794617743152,6,0.030862777085996513,3,0.5417832035058717,3,-0.4800576493338786
40,220101,1245,-0.010167768858709483,635.0,0.9176175256963998,-0.01647787520585504,635.0,0.9176175256963998,0.5999988000024,0.846702399914384,5,0.06422256553781217,3,0.5033945149720606,2,-0.5945353586135604
41,220101,1250,-0.010602995039014244,636.0,0.9261364591154628,-0.013787269914991216,636.0,0.9261364591154628,0.9999900000999989,,1,1.6326530612244898,1,1.6326530612244898,0,
42,220101,1255,-0.014788363416257815,627.0,0.942308541685779,-0.016858453812167058,627.0,0.942308541685779,0.9999900000999989,,1,0.1652892561983471,1,0.1652892561983471,0,
43,220101,1300,-0.01661300863293253,643.0,0.9283101518968914,-0.0181536756345348,643.0,0.9283101518968914,0.37499953125058594,1.184071518932515,8,-0.039300697315955785,3,0.831377385262097,4,-0.7021344335784843
44,220101,1305,-0.01607840953015663,648.0,0.9178155593325157,-0.017929572635748816,648.0,0.9178155593325157,0.4999991666680556,1.50469188120914,6,0.12041094410179581,3,0.717988050707793,3,-0.47716616250420135
45,220201,925,-0.027353865276483466,661.0,1.015577224179875,-0.03658741274139512,661.0,1.015577224179875,0.9999950000249999,,2,7.006376141759512,2,7.006376141759512,0,
46,220201,930,-0.036041369926311254,655.0,1.0145129139460645,-0.034406263339960545,655.0,1.0145129139460645,0.0,,0,,0,,0,
47,220201,935,-0.027664252223731704,660.0,1.0062888859632102,-0.03759206075263146,660.0,1.0062888859632102,0.0,,0,,0,,0,
48,220201,940,-0.03469604596057888,674.0,0.9866264583507283,-0.03910592582393998,674.0,0.9866264583507283,0.0,,1,-0.9655172413793104,0,,1,-0.9655172413793104
49,220201,945,-0.03449203009939564,679.0,0.9781732713822385,-0.027916613947856623,679.0,0.9781732713822385,0.0,,0,,0,,0,
50,220201,950,-0.02807600033071507,669.0,1.0070284366940527,-0.03776570948653362,669.0,1.0070284366940527,0.0,,0,,0,,0,
51,220201,955,-0.030554818575946514,654.0,1.0506565484549464,-0.037085807825901616,654.0,1.0506565484549464,0.0,,0,,0,,0,
52,220201,1000,-0.023321951119034654,679.0,0.9900703198336801,-0.034663474034758474,679.0,0.9900703198336801,0.0,,1,0.0,0,,0,
53,220201,1005,-0.02111381290720033,674.0,1.0438993106151302,-0.029549054849385126,674.0,1.0438993106151302,0.0,,1,-0.9655172413793104,0,,1,-0.9655172413793104
54,220201,1010,-0.021741795447723176,679.0,1.0156246821931068,-0.025232861207829374,679.0,1.0156246821931068,0.49999875000312505,1.2861401750126724,4,0.5763399013652901,2,5.181054366629312,2,-4.028374563898732
55,220201,1015,-0.027834754666678282,679.0,1.0348123811753884,-0.02381753627870228,679.0,1.0348123811753884,0.0,,0,,0,,0,
56,220201,1020,-0.03036078133001431,679.0,1.074325211959756,-0.01973104302583733,679.0,1.074325211959756,0.0,,0,,0,,0,
57,220201,1025,-0.01995585008036286,667.0,1.0534041234664357,-0.026059433994453245,667.0,1.0534041234664357,0.9999900000999989,,1,0.8928571428571428,1,0.8928571428571428,0,
58,220201,1030,-0.017201871938615436,650.0,1.0662026790821175,-0.024033610078783768,650.0,1.0662026790821175,0.0,,0,,0,,0,
59,220201,1035,-0.02501453025711932,652.0,1.0648151623417859,-0.024572315768945557,652.0,1.0648151623417859,0.0,,1,-0.1183431952662722,0,,1,-0.1183431952662722
60,220201,1040,-0.022068659685911807,662.0,1.013692998091645,-0.028738025633154644,662.0,1.013692998091645,0.3333322222259259,5.0267857142857135,3,0.2384124164763596,1,0.8928571428571428,1,-0.17761989342806395
61,220201,1045,-0.021192994088290715,662.0,0.971148409497954,-0.01700300349204931,662.0,0.971148409497954,0.9999900000999989,,1,1.9607843137254901,1,1.9607843137254901,0,
62,220201,1050,-0.02598096932313825,669.0,0.969140177411026,-0.020833843388510565,669.0,0.969140177411026,0.0,,0,,0,,0,
63,220201,1055,-0.0220990724000896,655.0,0.9877445745304697,-0.023002533094274982,655.0,0.9877445745304697,0.5999988000024,0.0556220859773446,5,-1.7462642207699393,3,0.264931184227869,2,-4.763057328266652
64,220201,1100,-0.019487429654012758,676.0,0.9707999227535117,-0.017728367087618567,676.0,0.9707999227535117,0.0,,0,,0,,0,
65,220201,1105,-0.02106389885670919,666.0,0.9664351193907106,-0.017985976620496967,666.0,0.9664351193907106,0.6666644444518518,,3,0.9670475244245735,2,1.4505712866368603,0,
66,220201,1110,-0.02106304020226002,678.0,0.9425741286394391,-0.02156086034960249,678.0,0.9425741286394391,0.0,,0,,0,,0,
67,220201,1115,-0.020774181461385276,687.0,0.9782053639522409,-0.018801540435410023,687.0,0.9782053639522409,0.0,,0,,0,,0,
68,220201,1120,-0.025766106270796237,702.0,0.9336679630799734,-0.01970073814964186,702.0,0.9336679630799734,0.0,,0,,0,,0,
69,220201,1125,-0.01745669214327421,691.0,0.9443283435863722,-0.015907937917167228,691.0,0.9443283435863722,0.0,,1,-1.2280701754385965,0,,1,-1.2280701754385965
70,220201,1130,-0.016172729524264455,673.0,1.0076209739312176,-0.02271768316170895,673.0,1.0076209739312176,0.0,,0,,0,,0,
71,220201,1135,-0.014954053232443731,679.0,0.976465693934224,-0.014969913677467018,679.0,0.976465693934224,0.0,,1,-1.2716763005780347,0,,1,-1.2716763005780347
72,220201,1140,-0.01504757328982746,669.0,0.9936222122711181,-0.013807051676698138,669.0,0.9936222122711181,0.0,,1,-1.3856812933025404,0,,1,-1.3856812933025404
73,220201,1145,-0.01940695410077437,676.0,0.9617813112025557,-0.011473390847579227,676.0,0.9617813112025557,0.0,,1,-1.3856812933025404,0,,1,-1.3856812933025404
74,220201,1150,-0.015234660164735856,672.0,0.9554918745923047,-0.018282946025667303,672.0,0.9554918745923047,0.0,,0,,0,,0,
75,220201,1155,-0.01752360647705213,669.0,0.9497507817038601,-0.017630569669993434,669.0,0.9497507817038601,0.0,,0,,0,,0,
76,220201,1200,-0.020900785977290247,672.0,0.9342106740356755,-0.017694918430975853,672.0,0.9342106740356755,0.9999900000999989,,1,0.41379310344827586,1,0.41379310344827586,0,
77,220201,1205,-0.01644786289195969,672.0,0.9400842688739258,-0.01656842758556861,672.0,0.9400842688739258,0.9999900000999989,,1,1.4634146341463417,1,1.4634146341463417,0,
78,220201,1210,-0.0181513906622718,680.0,0.9667780847344195,-0.01696759307609435,680.0,0.9667780847344195,0.0,,1,-0.7246376811594203,0,,1,-0.7246376811594203
79,220201,1215,-0.013795776425238812,677.0,0.9684253058663557,-0.012496961626737501,677.0,0.9684253058663557,0.0,,0,,0,,0,
80,220201,1220,-0.01184296636439199,686.0,0.9637889759118792,-0.01602522937767849,686.0,0.9637889759118792,0.0,,1,-0.9280742459396751,0,,1,-0.9280742459396751
81,220201,1225,-0.01723211081419939,684.0,0.9550877988794162,-0.01988399651451277,684.0,0.9550877988794162,0.0,,1,-0.6976744186046512,0,,1,-0.6976744186046512
82,220201,1230,-0.013156151288019747,695.0,0.9549010451257507,-0.012652208991697831,695.0,0.9549010451257507,0.0,,1,-0.5820721769499418,0,,1,-0.5820721769499418
83,220201,1235,-0.013959947451888312,688.0,0.9528683869769686,-0.011694091184030808,688.0,0.9528683869769686,0.0,,0,,0,,0,
84,220201,1240,-0.011764138715623852,683.0,0.9602794650096097,-0.016566488753513818,683.0,0.9602794650096097,0.9999900000999989,,1,0.2229654403567447,1,0.2229654403567447,0,
85,220201,1245,-0.009959738200397947,693.0,0.9138411170210141,-0.009243356246971847,693.0,0.9138411170210141,0.0,,0,,0,,0,
86,220201,1250,-0.012859550458364653,702.0,0.936523421611323,-0.011906751727235853,702.0,0.936523421611323,0.4285708163274053,0.1848389935578698,7,-1.023970231780705,3,0.541769204307904,3,-2.931033078462882
87,220201,1255,-0.008600011353390858,681.0,0.9702038603100162,-0.008987518619528853,681.0,0.9702038603100162,0.0,,0,,0,,0,
88,220201,1300,-0.010081815840097633,698.0,0.9509739201276947,-0.008723790589298447,698.0,0.9509739201276947,0.0,,2,-0.38042511970669557,0,,2,-0.38042511970669557
89,220201,1305,-0.004286982531505849,696.0,0.9348179379556052,-0.008990475623089609,696.0,0.9348179379556052,0.0,,0,,0,,0,
90,220301,925,-0.02027890755975312,675.0,1.0516597106685213,-0.028279962127227866,675.0,1.0516597106685213,0.0,,0,,0,,0,
91,220301,930,-0.02798801882311337,667.0,1.0547221045334356,-0.010801137399952213,667.0,1.0547221045334356,0.0,,0,,0,,0,
92,220301,935,-0.02302305250994016,652.0,1.080434498849819,-0.012685850364797446,652.0,1.080434498849819,0.0,,0,,0,,0,
93,220301,940,-0.015371163797005344,650.0,1.064093238932246,-0.03591652655692336,650.0,1.064093238932246,0.0,,0,,0,,0,
94,220301,945,-0.022094774719516014,659.0,1.0463368718413022,-0.035374503604540926,659.0,1.0463368718413022,0.9999900000999989,,1,0.6185567010309279,1,0.6185567010309279,0,
95,220301,950,-0.01591333316957096,650.0,1.0772045653467355,-0.02912605863829994,650.0,1.0772045653467355,0.0,,0,,0,,0,
96,220301,955,-0.029791187028756064,636.0,1.109041812465965,-0.01729782707312351,636.0,1.109041812465965,0.0,,0,,0,,0,
97,220301,1000,-0.019239518613378175,654.0,1.0488589840520077,-0.018412197875476353,654.0,1.0488589840520077,0.0,,0,,0,,0,
98,220301,1005,-0.025348474064148554,638.0,1.0963022735006809,-0.02617942209305802,638.0,1.0963022735006809,0.0,,0,,0,,0,
99,220301,1010,-0.024614557626115637,636.0,1.0634528826787064,-0.02712499980408419,636.0,1.0634528826787064,0.6666644444518518,0.7003147982402553,3,0.1928421643708836,2,1.011284907206145,1,-1.444043321299639
100,220301,1015,-0.014361704184359963,636.0,1.083439632805043,-0.016723227848170784,636.0,1.083439632805043,0.49999750001249993,2.3956043956043955,2,0.32009275128541187,1,1.098901098901099,1,-0.45871559633027525
101,220301,1020,-0.025230093844134147,643.0,1.0999116873018575,-0.022820581351117766,643.0,1.0999116873018575,0.0,,1,0.0,0,,0,
102,220301,1025,-0.02456258245154438,635.0,1.0837742785424367,-0.030003472552827298,635.0,1.0837742785424367,0.0,,1,-1.444043321299639,0,,1,-1.444043321299639
103,220301,1030,-0.023642173068951815,620.0,1.051393177069495,-0.022182347644132683,620.0,1.051393177069495,0.9999900000999989,,1,0.8456659619450317,1,0.8456659619450317,0,
104,220301,1035,-0.02240679495697607,626.0,1.0730326346528762,-0.018315872393395827,626.0,1.0730326346528762,0.0,,1,-0.9433962264150944,0,,1,-0.9433962264150944
105,220301,1040,-0.024449928037214755,633.0,1.0311544176571608,-0.02725451308741743,633.0,1.0311544176571608,0.0,,0,,0,,0,
106,220301,1045,-0.01819175217939823,638.0,0.9987017851229177,-0.021916286563611706,638.0,0.9987017851229177,0.9999900000999989,,1,0.7223942208462332,1,0.7223942208462332,0,
107,220301,1050,-0.014386930843759456,655.0,0.99385036653661,-0.018273683543622746,655.0,0.99385036653661,0.7142846938790088,1.8988510129426006,7,0.8724892482218134,5,1.5474639639606056,2,-0.8149475411251673
108,220301,1055,-0.023273309397549766,645.0,1.0009787364583251,-0.020399780258127897,645.0,1.0009787364583251,0.3333322222259259,0.36758499452718163,3,-0.35842764390944537,1,0.24213075060532688,2,-0.6587068411668315
109,220301,1100,-0.018707138267906313,654.0,0.9857360266142053,-0.017674827377522517,654.0,0.9857360266142053,0.0,,0,,0,,0,
110,220301,1105,-0.01995080980610273,645.0,0.9492152442276334,-0.0183296977067417,645.0,0.9492152442276334,0.0,,2,-0.6155774612684191,0,,2,-0.6155774612684191
111,220301,1110,-0.016954944238698758,647.0,0.9418823319358098,-0.021213704793941458,647.0,0.9418823319358098,0.0,,0,,0,,0,
112,220301,1115,-0.01770662444201062,659.0,0.9612913090289285,-0.014934684175574966,659.0,0.9612913090289285,0.0,,1,-0.6309148264984227,0,,1,-0.6309148264984227
113,220301,1120,-0.013823481512151474,668.0,0.9178250444858088,-0.016091910712432385,668.0,0.9178250444858088,0.0,,0,,0,,0,
114,220301,1125,-0.012983722984900092,667.0,0.919154313442869,-0.009223117108083531,667.0,0.919154313442869,0.9999900000999989,,1,0.5012531328320802,1,0.5012531328320802,0,
115,220301,1130,-0.015087963644848188,658.0,0.9610626753701009,-0.01587562654003895,658.0,0.9610626753701009,0.0,,1,-1.5625,0,,1,-1.5625
116,220301,1135,-0.007883689036275308,668.0,0.9327336630746491,-0.01443607982819134,668.0,0.9327336630746491,0.0,,2,-0.6550337029789084,0,,2,-0.6550337029789084
117,220301,1140,-0.008870394568678178,659.0,0.9499280010066053,-0.015119430100271888,659.0,0.9499280010066053,0.0,,1,-0.91324200913242,0,,1,-0.91324200913242
118,220301,1145,-0.01747991242071377,667.0,0.9267282428528884,-0.0170332597087513,667.0,0.9267282428528884,0.0,,0,,0,,0,
119,220301,1150,-0.013373733554252296,676.0,0.8989602781881362,-0.011106145223056854,676.0,0.8989602781881362,0.0,,2,-0.8149475411251673,0,,2,-0.8149475411251673
120,220301,1155,-0.010711417049426497,663.0,0.9133591496030957,-0.013372663734770342,663.0,0.9133591496030957,0.0,,1,-0.6864988558352403,0,,1,-0.6864988558352403
121,220301,1200,-0.01416204411678883,659.0,0.9096464982879956,-0.008538247376314133,659.0,0.9096464982879956,0.49999750001249993,1.0290697674418605,2,0.008211798712389973,1,0.5813953488372093,1,-0.5649717514124294
122,220301,1205,-0.01164026780917048,662.0,0.9307798970668868,-0.014242738846951451,662.0,0.9307798970668868,0.49999875000312505,1.1004902430774737,4,0.022798556355174825,2,0.4993437781970306,2,-0.4537466654866809
123,220301,1210,-0.011184163583934906,670.0,0.9276286897066358,-0.015552782087117729,670.0,0.9276286897066358,0.0,,2,-0.6587068411668315,0,,2,-0.6587068411668315
124,220301,1215,-0.009574830382516846,670.0,0.9356592585983401,-0.013894333120472379,670.0,0.9356592585983401,0.0,,0,,0,,0,
125,220301,1220,-0.00475798899053835,678.0,0.9171331426410357,-0.014326544208571147,678.0,0.9171331426410357,0.0,,1,-0.6864988558352403,0,,1,-0.6864988558352403
126,220301,1225,-0.01193794408309846,677.0,0.915169148530506,-0.012263384999881317,677.0,0.915169148530506,0.0,,1,-0.45871559633027525,0,,1,-0.45871559633027525
127,220301,1230,-0.00692051330947312,682.0,0.9233140563079645,-0.0087094497366207,682.0,0.9233140563079645,0.0,,0,,0,,0,
128,220301,1235,-0.009389319147205668,680.0,0.9235235043584762,-0.0021295406990479906,680.0,0.9235235043584762,0.0,,0,,0,,0,
129,220301,1240,-0.00900316773919381,673.0,0.9355370999275846,-0.006927662066880858,673.0,0.9355370999275846,0.9999950000249999,,2,1.0013883231946323,2,1.0013883231946323,0,
130,220301,1245,-0.009307727322987834,676.0,0.9242369707164535,-0.010373185074357373,676.0,0.9242369707164535,0.0,,0,,0,,0,
131,220301,1250,-0.006459184104641032,672.0,0.9488916682229206,-0.00898932346256994,672.0,0.9488916682229206,0.0,,0,,0,,0,
132,220301,1255,-0.0035865413015609103,666.0,0.989161820286787,-0.008404454323584939,666.0,0.989161820286787,0.49999750001249993,,2,0.05543237250554324,1,0.11086474501108648,0,
133,220301,1300,-0.00633914136966218,682.0,0.994692170093655,-0.009809838804924349,682.0,0.994692170093655,0.0,,0,,0,,0,
134,220301,1305,-0.007369678205914047,686.0,0.9676683321069666,-0.011102839170910098,686.0,0.9676683321069666,0.0,,0,,0,,0,
135,220401,925,-0.015559982204004648,647.0,1.1016953072650568,-0.010327850706866207,647.0,1.1016953072650568,0.0,,1,-5.303030303030303,0,,1,-5.303030303030303
136,220401,930,-0.011679878174004347,637.0,1.090134686168203,-0.014906597937374295,637.0,1.090134686168203,0.49999875000312505,0.9376913137678525,4,0.457118865553893,2,1.9586241540842875,1,-2.088772845953003
137,220401,935,-0.012839686215877139,646.0,1.0714945868068253,-0.017773236466436113,646.0,1.0714945868068253,0.7499990625011719,2.282281307273241,8,1.1395406047158663,6,1.7792520243724448,2,-0.7795936542538697
138,220401,940,-0.008926945602473958,624.0,1.1021695031935816,-0.018738480526510667,624.0,1.1021695031935816,0.33333277777870374,0.34691957896644726,6,-0.6963903538397611,2,0.4384386481318351,4,-1.2638048548255594
139,220401,945,-0.027122064295749232,642.0,1.0580773625644437,-0.025475073701306392,642.0,1.0580773625644437,0.4999991666680556,3.1918092426631883,6,0.9158327493914508,3,2.3152462455215432,2,-0.7253711201079621
140,220401,950,-0.01842639106307888,627.0,1.1304762064813425,-0.01880945165798402,627.0,1.1304762064813425,0.8333319444467593,1.0370277927414895,6,1.2781838021794123,5,1.9003127092121535,1,-1.832460732984293
141,220401,955,-0.019465457858054362,624.0,1.1359335843320828,-0.017501312368114953,624.0,1.1359335843320828,0.8571416326548106,0.8690716642369996,7,1.1032539228853393,6,1.5925396988636116,1,-1.832460732984293
142,220401,1000,-0.019389304573594397,645.0,1.1296663648938596,-0.021822494989148743,645.0,1.1296663648938596,0.7999984000032001,0.712132477314683,5,0.677471694492729,4,1.3049548013619845,1,-1.832460732984293
143,220401,1005,-0.017532654614113404,637.0,1.1323888763711298,-0.020653885805342158,637.0,1.1323888763711298,0.7499981250046875,1.6778953027950623,4,1.5880653182618847,3,2.642354807551279,1,-1.574803149606299
144,220401,1010,-0.01692443374368518,632.0,1.1198174377708645,-0.01160593113548058,632.0,1.1198174377708645,0.9999966666777778,,3,0.8518054895410995,3,0.8518054895410995,0,
145,220401,1015,-0.01606340429323177,642.0,1.132409345566091,-0.021282210874209655,642.0,1.132409345566091,0.8333319444467593,1.1239469011875078,6,1.4109136798238557,5,2.0595885623854855,1,-1.832460732984293
146,220401,1020,-0.025661764530093164,655.0,1.1292960258415106,-0.017839987194224367,655.0,1.1292960258415106,0.7499981250046875,0.9588402791487372,4,0.7387877312780361,3,1.5099846915728143,1,-1.574803149606299
147,220401,1025,-0.02960548153025279,639.0,1.1254565342475038,-0.01807664325692039,639.0,1.1254565342475038,0.7999984000032001,1.6766129899538675,5,1.5016978841619657,4,2.20606972362351,1,-1.3157894736842104
148,220401,1030,-0.024627986563079428,637.0,1.0806553462313613,-0.011985709806158245,637.0,1.0806553462313613,0.9999966666777778,,3,2.5117938912145816,3,2.5117938912145816,0,
149,220401,1035,-0.016605909676294387,642.0,1.085115013858945,-0.017564866862295993,642.0,1.085115013858945,0.7499981250046875,3.4503726348102877,4,1.240201313584995,3,1.8304364110399403,1,-0.5305039787798408
150,220401,1040,-0.022234301470017478,644.0,1.0872078853949152,-0.023203676758755544,644.0,1.0872078853949152,0.7999984000032001,4.555220543018468,5,1.827149302076803,4,2.416562622290964,1,-0.5305039787798408
151,220401,1045,-0.021879883126026695,664.0,1.0356048999386396,-0.019826312360537664,664.0,1.0356048999386396,0.9999966666777778,,3,2.2458330056419595,3,2.2458330056419595,0,
152,220401,1050,-0.01643886513124762,681.0,1.0295083146501576,-0.02360871635306233,681.0,1.0295083146501576,0.9999950000249999,,2,2.2258923656057967,2,2.2258923656057967,0,
153,220401,1055,-0.019958897287940234,690.0,1.0229920171808333,-0.01848458408874577,690.0,1.0229920171808333,0.0,,0,,0,,0,
154,220401,1100,-0.013504572420495839,693.0,1.0182130271016911,-0.019610863893574956,693.0,1.0182130271016911,0.9999975000062501,,4,2.0403456380757046,4,2.0403456380757046,0,
155,220401,1105,-0.010650249890800621,681.0,0.99455122015144,-0.014183816748509088,681.0,0.99455122015144,0.9999900000999989,,1,3.67504835589942,1,3.67504835589942,0,
156,220401,1110,-0.01169449468732221,689.0,0.9579989989985076,-0.013694704398277174,689.0,0.9579989989985076,0.0,,0,,0,,0,
157,220401,1115,-0.011420129468009953,685.0,0.9791498533107068,-0.015256301113186205,685.0,0.9791498533107068,0.49999875000312505,2.9761604508620603,4,0.920505743814892,2,2.212758699525695,1,-0.7434944237918215
158,220401,1120,-0.007655247928033829,690.0,0.9657256233252046,-0.009885935187974926,690.0,0.9657256233252046,0.0,,0,,0,,0,
159,220401,1125,-0.004280790809077248,688.0,0.9766685909887386,-0.007723233573384854,688.0,0.9766685909887386,0.7499981250046875,0.7766747718999272,4,0.9175594819216625,3,2.143254955308603,1,-2.759526938239159
160,220401,1130,-0.01616326540444152,690.0,0.9687416620004781,-0.010928442167023716,690.0,0.9687416620004781,0.6666644444518518,0.9523573200992557,3,0.793609333507466,2,2.5062034739454093,1,-2.631578947368421
161,220401,1135,-0.007953246621445934,705.0,0.9495457423243117,-0.013521300673834153,705.0,0.9495457423243117,0.5999988000024,1.4799683427060824,5,0.6728799236452632,3,2.0407371884583307,2,-1.3789059735743385
162,220401,1140,-0.00770543569598353,691.0,0.9559763290213429,-0.018363711965290536,691.0,0.9559763290213429,0.6666644444518518,0.9275968924739377,3,0.6769343944178433,2,2.2027366839750497,1,-2.3746701846965697
163,220401,1145,-0.009800909260439996,702.0,0.942182332200506,-0.012461290817373401,702.0,0.942182332200506,0.7499981250046875,1.1153031596963925,4,1.0889500234498835,3,2.0708546731763255,1,-1.8567639257294428
164,220401,1150,-0.006986025846256575,707.0,0.9211808843734591,-0.01898634780917266,707.0,0.9211808843734591,0.7499981250046875,1.2146019120568143,4,1.0547097351743786,3,1.9381945405161929,1,-1.5957446808510638
165,220401,1155,-0.009273868032717427,690.0,0.9494763269272587,-0.013155575797379065,690.0,0.9494763269272587,0.6666644444518518,1.0306620209059234,3,0.656876064781868,2,1.9136960600375235,1,-1.8567639257294428
166,220401,1200,-0.010761538305347478,698.0,0.9485264384800539,-0.00987601106398145,698.0,0.9485264384800539,0.7999984000032001,0.847490573734802,5,0.8875191546193346,4,1.5735899247065288,1,-1.8567639257294428
167,220401,1205,-0.01041641006041155,699.0,0.964802373910969,-0.011493475515655991,699.0,0.964802373910969,0.6666644444518518,0.8712944190415935,3,0.4917806874723094,2,1.7310485146521728,1,-1.9867549668874174
168,220401,1210,-0.01176922417860366,696.0,0.9578546501293903,-0.011020265782411068,696.0,0.9578546501293903,0.49999875000312505,2.7056290160739387,4,0.815419115824484,2,2.5869888460439285,2,-0.9561506143949603
169,220401,1215,-0.011433201678225676,693.0,0.9793453123128883,-0.010143322930836826,693.0,0.9793453123128883,0.49999875000312505,1.3932782785122302,4,0.8293034415896036,2,2.5869888460439285,1,-1.8567639257294428
170,220401,1220,-0.006821570287715744,701.0,0.9666123794852112,-0.00765755927262824,701.0,0.9666123794852112,0.49999875000312505,2.535692456781593,4,0.734176643036713,2,2.4245039004683866,2,-0.9561506143949603
171,220401,1225,-0.008595509717897153,701.0,0.9616440840622456,-0.01269099180027954,701.0,0.9616440840622456,0.49999875000312505,1.7394603493697192,4,0.5137905737751224,2,2.417217722961092,2,-1.3896365754108468
172,220401,1230,-0.017621407718620714,689.0,0.9997811985485541,-0.008725538995979033,689.0,0.9997811985485541,0.49999875000312505,2.070215977810625,4,0.6387110332831651,2,2.471033536635758,2,-1.1936114700694276
173,220401,1235,-0.008787463166875795,687.0,0.9879288859258915,-0.006620279273539325,687.0,0.9879288859258915,0.0,,0,,0,,0,
174,220401,1240,-0.01251161788214071,690.0,0.9888531950583282,-0.00863825695656746,690.0,0.9888531950583282,0.49999875000312505,2.4508783364175395,4,0.6561199194510308,2,2.216684964288798,2,-0.9044451253867367
175,220401,1245,-0.0037487133596740933,673.0,1.0346467701194086,-0.011012421832560368,673.0,1.0346467701194086,0.0,,0,,0,,0,
176,220401,1250,-0.004496369236528747,678.0,1.0448490080532082,-0.0055029239659885485,678.0,1.0448490080532082,0.6666644444518518,0.28327040035942824,3,-0.23056340387294869,2,0.4520272346161089,1,-1.5957446808510638
177,220401,1255,-0.007135253107159197,678.0,1.0572791699134783,-0.001784835337026779,678.0,1.0572791699134783,0.7499981250046875,0.6698225312757554,4,0.5013911889870528,3,1.3307732409452095,1,-1.9867549668874174
178,220401,1300,-0.006823238913451476,703.0,1.0423864313945472,-0.0036111714734176634,703.0,1.0423864313945472,0.7499981250046875,1.1214194814409113,4,0.7880861481075779,3,1.4952259752545485,1,-1.3333333333333335
179,220401,1305,-0.003392451902136912,691.0,0.9969502678991085,-0.00495867114244663,691.0,0.9969502678991085,0.49999875000312505,0.20208122241002885,4,-2.522677138801849,2,1.2777884022097215,2,-6.32314267981342
180,220501,925,-0.008444001504381822,695.0,1.0977260433366502,-0.012911250359733102,695.0,1.0977260433366502,0.0,,0,,0,,0,
181,220501,930,-0.0031588965877657436,685.0,1.106841404910625,-0.017252067983790434,685.0,1.106841404910625,0.0,,0,,0,,0,
182,220501,935,0.002724741595849006,685.0,1.0846416439383622,-0.004799390260305731,685.0,1.0846416439383622,0.0,,0,,0,,0,
183,220501,940,0.0067120661031712416,669.0,1.1144342759969874,-0.0009381680658161917,669.0,1.1144342759969874,0.6666644444518518,0.4352348451365042,3,-0.05756902654532962,2,0.5803131268486723,1,-1.3333333333333335
184,220501,945,-0.0022755192413382867,674.0,1.0861715568296229,-0.014002817493321119,674.0,1.0861715568296229,0.0,,1,-0.15267175572519084,0,,1,-0.15267175572519084
185,220501,950,-0.008444068258673469,665.0,1.153000015892828,-0.011822587538029115,665.0,1.153000015892828,0.0,,3,-1.3281373399152956,0,,3,-1.3281373399152956
186,220501,955,-0.005264421372074502,673.0,1.1127035260096703,-0.00573502501307605,673.0,1.1127035260096703,0.0,,1,-1.9455252918287937,0,,1,-1.9455252918287937
187,220501,1000,-0.007993796290976485,688.0,1.0909613761672492,-0.010860149952337328,688.0,1.0909613761672492,0.24999937500156252,0.35639605366689864,4,-1.3813038405260558,1,0.74487895716946,3,-2.0900314397578943
188,220501,1005,-0.009078900698097544,680.0,1.095147285597909,-0.005032001858542771,680.0,1.095147285597909,0.3333322222259259,0.4817067522777037,3,-0.5858556881467197,1,0.5576208178438662,2,-1.1575939411420126
189,220501,1010,-0.00815263310444584,661.0,1.1146256376546353,-0.004435707966040481,661.0,1.1146256376546353,0.0,,0,,0,,0,
190,220501,1015,-0.008606891570193334,663.0,1.1202365797635652,0.002214327023918616,663.0,1.1202365797635652,0.4999993750007813,0.3940801514822461,8,-0.36179376692422427,4,0.8011676958652043,3,-2.033006972951537
191,220501,1020,-0.009204344507756953,676.0,1.1205267735442417,-0.007997497392055266,676.0,1.1205267735442417,0.4999991666680556,0.20203573933121716,6,-0.7910853785277491,3,0.40058816466546093,3,-1.9827589217209594
192,220501,1025,-0.006483712917943728,674.0,1.1530750698557242,-0.011700701174749053,674.0,1.1530750698557242,0.0,,0,,0,,0,
193,220501,1030,-0.0029966571035997857,681.0,1.1104132086879126,-0.009305249115950492,681.0,1.1104132086879126,0.0,,0,,0,,0,
194,220501,1035,-0.0037451469080027277,682.0,1.1413229404829113,-0.009028677576916444,682.0,1.1413229404829113,0.0,,0,,0,,0,
195,220501,1040,-0.006669370777152153,669.0,1.184035575481409,-0.010640092071110345,669.0,1.184035575481409,0.0,,0,,0,,0,
196,220501,1045,-0.005680173964981764,690.0,1.145538343270531,-0.011054683440019308,690.0,1.145538343270531,0.0,,0,,0,,0,
197,220501,1050,0.0020056171343405004,705.0,1.1137129827812438,-0.004577502697224561,705.0,1.1137129827812438,0.3333322222259259,1.2635644452299828,3,-0.2080585087180434,1,1.07095046854083,2,-0.8475629973474801
198,220501,1055,-0.011363791802759413,714.0,1.1019343613356043,-0.009532066153144845,714.0,1.1019343613356043,0.0,,0,,0,,0,
199,220501,1100,-0.003044615729944489,723.0,1.0902972108600464,-0.007189722355084785,723.0,1.0902972108600464,0.0,,0,,0,,0,
200,220501,1105,-0.01094998250670142,713.0,1.0755612322029935,-0.008223948978835419,713.0,1.0755612322029935,0.0,,0,,0,,0,
201,220501,1110,-0.007507169917283077,707.0,1.0586713448250649,-0.010964237319295416,707.0,1.0586713448250649,0.0,,0,,0,,0,
202,220501,1115,-0.005578224899877474,685.0,1.098905283215533,0.0010601782075642977,685.0,1.098905283215533,0.0,,1,-0.2688172043010753,0,,1,-0.2688172043010753
203,220501,1120,0.00396851314055191,687.0,1.099191019898292,-0.007968622684178766,687.0,1.099191019898292,0.7142846938790088,1.095872065243697,7,0.7290088302553015,5,1.6072790290240888,2,-1.4666666666666666
204,220501,1125,-0.0009172956005288659,693.0,1.071754489469957,-0.002581309718817519,693.0,1.071754489469957,0.0,,1,-1.1235955056179776,0,,1,-1.1235955056179776
205,220501,1130,-0.0036894333038090766,696.0,1.0455418140341615,-0.0046711234580005135,696.0,1.0455418140341615,0.0,,0,,0,,0,
206,220501,1135,0.0011120220949547097,716.0,1.009791030450013,-0.006363516941265899,716.0,1.009791030450013,0.0,,0,,0,,0,
207,220501,1140,0.0008832164401380766,711.0,1.0103573873921652,-0.0014208650836633608,711.0,1.0103573873921652,0.0,,0,,0,,0,
208,220501,1145,-0.0035441725935828412,709.0,0.9955031755797562,-0.006384998029673959,709.0,0.9955031755797562,0.5555549382722909,0.8705902137210593,9,0.1379273562265116,5,0.7987752727310603,3,-0.917510052538899
209,220501,1150,-0.002917324463915173,712.0,0.96466252332986,0.001371128406333405,712.0,0.96466252332986,0.0,,0,,0,,0,
210,220501,1155,-0.011486307790798055,704.0,0.9994501180318194,-0.004821349869373704,704.0,0.9994501180318194,0.0,,0,,0,,0,
211,220501,1200,-0.004141628301971628,717.0,1.013712033181597,-0.005338294007481235,717.0,1.013712033181597,0.0,,0,,0,,0,
212,220501,1205,-0.002640336558081218,706.0,1.0358241882244492,-0.00045202115257340306,706.0,1.0358241882244492,0.0,,1,-0.676818950930626,0,,1,-0.676818950930626
213,220501,1210,-0.005313159199634519,703.0,1.0136797806908433,-0.005654846479520765,703.0,1.0136797806908433,0.0,,1,-0.6756756756756757,0,,1,-0.6756756756756757
214,220501,1215,-0.0007778590356366853,717.0,1.0239991800015567,-0.003163377330281857,717.0,1.0239991800015567,0.0,,1,-1.0507880910683012,0,,1,-1.0507880910683012
215,220501,1220,0.00256454961209991,703.0,1.0474596401788696,-0.006516227740531057,703.0,1.0474596401788696,0.9999900000999989,,1,0.6629834254143646,1,0.6629834254143646,0,
216,220501,1225,0.0006527898234604523,703.0,1.038362369593106,-0.002040909369465916,703.0,1.038362369593106,0.0,,0,,0,,0,
217,220501,1230,-0.0007546457595475848,688.0,1.0680816674436955,-0.0041401967376063645,688.0,1.0680816674436955,0.0,,0,,0,,0,
218,220501,1235,-0.004546342674526925,696.0,1.0720099070319031,-0.0004570795765558862,696.0,1.0720099070319031,0.9999900000999989,,1,0.9803921568627451,1,0.9803921568627451,0,
219,220501,1240,-0.005451984219506409,693.0,1.062573776364464,0.0011682900471660753,693.0,1.062573776364464,0.6666644444518518,0.8381649294635636,3,0.07295899233302343,2,0.271250786234163,1,-0.3236245954692557
220,220501,1245,0.0009110964834991472,672.0,1.1368988659486048,-0.004359037721225971,672.0,1.1368988659486048,0.0,,0,,0,,0,
221,220501,1250,-0.0037967681536824178,673.0,1.0924172866828352,0.0018927242376626024,673.0,1.0924172866828352,0.0,,0,,0,,0,
222,220501,1255,8.713881158829172e-05,675.0,1.1035120301346026,-0.0028845739006598623,675.0,1.1035120301346026,0.0,,0,,0,,0,
223,220501,1300,0.0006489135011820272,703.0,1.1036428155092202,-0.0020577464294417175,703.0,1.1036428155092202,0.19999960000080003,1.9249287601463716,5,-0.1980250709379618,1,0.9184845005740528,4,-0.4771524638159655
224,220501,1305,0.0008219199626153175,697.0,1.0507703590568063,0.0008125143420815393,697.0,1.0507703590568063,0.0,,2,-0.24,0,,1,-0.48
225,220601,925,0.0013075205540087399,707.0,1.0538615959206494,-0.001412959880642949,707.0,1.0538615959206494,0.0,,0,,0,,0,
226,220601,930,-0.003959505618148823,696.0,1.0747969245034956,-0.0066854841512656955,696.0,1.0747969245034956,0.0,,0,,0,,0,
227,220601,935,0.002829461265501625,696.0,1.0663945346577361,0.0016730728638214027,696.0,1.0663945346577361,0.0,,0,,0,,0,
228,220601,940,0.002850217497440392,681.0,1.0886484301064805,0.002017681931337699,681.0,1.0886484301064805,0.0,,0,,0,,0,
229,220601,945,-0.005703512763962191,671.0,1.0978248239715467,0.003792835041929347,671.0,1.0978248239715467,0.6666644444518518,0.7639352348103208,3,0.28974925977180926,2,1.2579771830708877,1,-1.6467065868263475
230,220601,950,0.002427649946782751,663.0,1.1364053286453106,0.005635788277072534,663.0,1.1364053286453106,0.0,,0,,0,,0,
231,220601,955,-0.0025881611852088303,680.0,1.0789791598325233,0.004985491494638661,680.0,1.0789791598325233,0.49999750001249993,0.680084745762712,2,-0.1494931094566766,1,0.6355932203389831,1,-0.9345794392523363
232,220601,1000,-0.0021757937604586475,698.0,1.0823072386342019,0.00035816125489250355,698.0,1.0823072386342019,0.0,,0,,0,,0,
233,220601,1005,-0.0026309865272317813,700.0,1.0855615184080483,-0.005219850018851181,700.0,1.0855615184080483,0.0,,0,,0,,0,
234,220601,1010,0.006784144703345622,701.0,1.0825828542869795,-0.004390976243447909,701.0,1.0825828542869795,0.3333322222259259,0.3072044982324544,3,-1.168678968842008,1,0.6362672322375398,2,-2.0711520693817818
235,220601,1015,0.006853306520586339,692.0,1.1431273847564871,-0.005528252602435088,692.0,1.1431273847564871,0.0,,0,,0,,0,
236,220601,1020,0.0013561859079042364,685.0,1.1654111868555672,-0.018321376163998572,685.0,1.1654111868555672,0.0,,0,,0,,0,
237,220601,1025,-0.000170066880507041,691.0,1.155886516972523,-0.0020379058833255815,691.0,1.155886516972523,0.0,,0,,0,,0,
238,220601,1030,-0.005357524082607846,695.0,1.1289287530751833,-0.004440120583082385,695.0,1.1289287530751833,0.0,,0,,0,,0,
239,220601,1035,-0.0036612514755906514,694.0,1.1560294279207277,-0.008366518055006695,694.0,1.1560294279207277,0.49999750001249993,0.6762402088772846,2,-0.21875661562345633,1,0.9138381201044387,1,-1.3513513513513513
240,220601,1040,0.006230885876743458,692.0,1.155741169517784,0.0047947944738688,692.0,1.155741169517784,0.0,,0,,0,,0,
241,220601,1045,0.0038714305550908478,696.0,1.1511191211053058,-0.0008761426915443298,696.0,1.1511191211053058,0.0,,0,,0,,0,
242,220601,1050,-0.008741015486396941,700.0,1.121693976926052,-0.0014376394351448385,700.0,1.121693976926052,0.2727270247936138,0.8443826354203224,11,-0.4779784549469108,3,0.8120877803093896,8,-0.9617532931680234
243,220601,1055,-0.005179846482823527,717.0,1.1038841079590231,-0.006121432094380433,717.0,1.1038841079590231,0.0,,0,,0,,0,
244,220601,1100,-0.0013683837125084632,737.0,1.0521089745623888,-0.00888438113803322,737.0,1.0521089745623888,0.0,,0,,0,,0,
245,220601,1105,0.00468936079589648,722.0,1.0585177085209327,0.0022452925609311785,722.0,1.0585177085209327,0.6666644444518518,0.4971403475835433,3,-0.0017252804925832106,2,0.44990076704393067,1,-0.904977375565611
246,220601,1110,0.00126456358400717,727.0,1.034104258954662,0.001442256568572625,727.0,1.034104258954662,0.0,,0,,0,,0,
247,220601,1115,0.0013283347174278379,709.0,1.063588393902455,0.0024972164695839048,709.0,1.063588393902455,0.9999900000999989,,1,0.21598272138228944,1,0.21598272138228944,0,
248,220601,1120,0.005478191702500287,716.0,1.0825350234363742,0.0001481295752257052,716.0,1.0825350234363742,0.49999875000312505,1.18587433611767,4,0.11158797071806703,2,1.4238577897083438,2,-1.2006818482722097
249,220601,1125,0.0030371678921659135,707.0,1.0725814566320406,-0.010769394514326614,707.0,1.0725814566320406,0.6666644444518518,0.7346707606380326,3,0.05688988136679577,2,0.2671530038683755,1,-0.36363636363636365
250,220601,1130,0.0023394207467188925,706.0,1.0426794154568493,8.596879697695963e-05,706.0,1.0426794154568493,0.0,,0,,0,,0,
251,220601,1135,-0.0032712699463779416,717.0,1.0305745081192597,-0.0032080322190242753,717.0,1.0305745081192597,0.0,,5,-0.6753449087869433,0,,3,-1.1255748479782388
252,220601,1140,0.0008659621970967449,717.0,1.0106930105257346,-0.002119879281601929,717.0,1.0106930105257346,0.0,,0,,0,,0,
253,220601,1145,-0.007075801560218944,716.0,0.9951126146592685,-0.004079307078400163,716.0,0.9951126146592685,0.0,,0,,0,,0,
254,220601,1150,-0.001521223907880909,705.0,1.0079842387251339,0.002353301505771875,705.0,1.0079842387251339,0.0,,0,,0,,0,
255,220601,1155,0.0009095530455203169,693.0,1.030931977302789,-0.005827357061562671,693.0,1.030931977302789,0.0,,2,-0.9386869234943027,0,,2,-0.9386869234943027
256,220601,1200,-0.0008706589157198093,713.0,1.0152866590556204,0.0027178956539856934,713.0,1.0152866590556204,0.0,,3,-0.09389671361502348,0,,1,-0.28169014084507044
257,220601,1205,-0.003301827400903223,691.0,1.0391505129724274,3.672340054880458e-05,691.0,1.0391505129724274,0.0,,0,,0,,0,
258,220601,1210,0.0005560204762299423,697.0,0.9955434569734009,-0.0008360942216189708,697.0,0.9955434569734009,0.2857138775516035,0.27550875045417716,7,-0.2746429087005091,2,0.21627989272144826,3,-0.7850200487821534
259,220601,1215,-0.006925481838603621,712.0,1.0037366691040999,-0.0034126864556130935,712.0,1.0037366691040999,0.0,,0,,0,,0,
260,220601,1220,0.0007303871687732098,699.0,1.0401961607962278,-0.0016193168830055892,699.0,1.0401961607962278,0.0,,0,,0,,0,
261,220601,1225,-0.002424963638290678,694.0,1.0476040459090987,0.0008118318385568286,694.0,1.0476040459090987,0.0,,0,,0,,0,
262,220601,1230,0.00408563558054192,693.0,1.0611584088751185,-0.0023162730468947765,693.0,1.0611584088751185,0.0,,0,,0,,0,
263,220601,1235,0.004854076597784908,691.0,1.0375886782766819,-0.003121989734473503,691.0,1.0375886782766819,0.0,,0,,0,,0,
264,220601,1240,0.005582887212338271,684.0,1.0430510504442454,0.0019421650565373493,684.0,1.0430510504442454,0.24999937500156252,2.3216502025552357,4,-0.20022783696584495,1,2.7411167512690358,3,-1.1806760330441384
265,220601,1245,-0.0009919785063703238,666.0,1.1285280875442902,0.001953071167551972,666.0,1.1285280875442902,0.0,,0,,0,,0,
266,220601,1250,0.0012000391766745033,680.0,1.1161646334227813,0.004314571137766873,680.0,1.1161646334227813,0.9999900000999989,,1,0.42780748663101603,1,0.42780748663101603,0,
267,220601,1255,-0.0009314047214707954,669.0,1.114221237035088,-0.001715467795739882,669.0,1.114221237035088,0.0,,0,,0,,0,
268,220601,1300,-0.003821282106940982,687.0,1.100820627634075,0.005902043404783145,687.0,1.100820627634075,0.0,,0,,0,,0,
269,220601,1305,0.0020226324072530493,683.0,1.0534531357490005,-0.0011052389653917814,683.0,1.0534531357490005,0.0,,0,,0,,0,
270,220701,925,-0.03126741512429528,660.0,0.864857004706626,-0.03775046465514682,660.0,0.864857004706626,0.0,,1,-1.643835616438356,0,,1,-1.643835616438356
271,220701,930,-0.024656006753280488,655.0,0.8715215989072218,-0.05556335745687855,655.0,0.8715215989072218,0.24999937500156252,0.098849894758971,4,-1.1720865003308116,1,0.1597444089456869,3,-1.6160301367563112
272,220701,935,-0.026845636609700647,642.0,0.9018095978830374,-0.02642054221608098,642.0,0.9018095978830374,0.49999750001249993,0.43233532934131735,2,-0.15724783120739133,1,0.23952095808383234,1,-0.554016620498615
273,220701,940,-0.03249795426404367,641.0,0.8968956687737466,-0.04243727767371145,641.0,0.8968956687737466,0.24999937500156252,0.2217135355843148,4,-0.5727136021316456,1,0.18281535648994515,3,-0.8245565883388424
274,220701,945,-0.021628541840307478,627.0,0.935246311249243,-0.03633742483642908,627.0,0.935246311249243,0.39999920000160005,0.7487032852242522,5,-0.22489195842025528,2,0.5602891134031497,3,-0.7483460063025253
275,220701,950,-0.026717463979325083,626.0,0.9208602359298986,-0.048086133681125964,626.0,0.9208602359298986,0.0,,3,-1.0678210678210678,0,,2,-1.6017316017316017
276,220701,955,-0.033366476392433786,645.0,0.8575095098714799,-0.03996495172781634,645.0,0.8575095098714799,0.571427755103207,0.5472736282155843,7,-0.23800014871867856,4,1.124370779083229,3,-2.0544947191212217
277,220701,1000,-0.03486980086812403,645.0,0.8612066923389677,-0.03777966215724405,645.0,0.8612066923389677,0.3333322222259259,4.233480176211454,3,0.22431357448570613,1,0.881057268722467,1,-0.20811654526534862
278,220701,1005,-0.020583988664187928,657.0,0.8817764350515298,-0.03273474023528022,657.0,0.8817764350515298,0.0,,3,-1.2258708901526734,0,,3,-1.2258708901526734
279,220701,1010,-0.032218081012776095,666.0,0.851206476014659,-0.033006611242275954,666.0,0.851206476014659,0.6666644444518518,1.1302355943965467,3,0.5463035097211989,2,1.469573467891491,1,-1.3002364066193852
280,220701,1015,-0.020787172701666412,653.0,0.8880308183268474,-0.03585070062143312,653.0,0.8880308183268474,0.0,,3,-1.9846568742963369,0,,2,-2.9769853114445053
281,220701,1020,-0.027444780487812903,642.0,0.9060679905166904,-0.037613646608764754,642.0,0.9060679905166904,0.0,,0,,0,,0,
282,220701,1025,-0.01771876065626232,656.0,0.8847498968648685,-0.032204348952051855,656.0,0.8847498968648685,0.0,,0,,0,,0,
283,220701,1030,-0.026113363159767002,661.0,0.8596682313690353,-0.03213793214975988,661.0,0.8596682313690353,0.0,,1,-6.129032258064516,0,,1,-6.129032258064516
284,220701,1035,-0.02863335532802984,655.0,0.8818155281357151,-0.04765472144189243,655.0,0.8818155281357151,0.0,,3,-1.9161016115156828,0,,3,-1.9161016115156828
285,220701,1040,-0.026115830507967668,652.0,0.8640356999344558,-0.03626073888593349,652.0,0.8640356999344558,0.19999960000080003,0.8963993863922005,5,-0.7366588666961089,1,1.0638297872340425,4,-1.1867810301786468
286,220701,1045,-0.03001905854565029,645.0,0.8956888257651147,-0.033509189545828454,645.0,0.8956888257651147,0.0,,0,,0,,0,
287,220701,1050,-0.023596043507009258,639.0,0.8970891967095131,-0.03246449337586115,639.0,0.8970891967095131,0.0,,0,,0,,0,
288,220701,1055,-0.02074791595361971,645.0,0.8994738106967556,-0.029272636387340265,645.0,0.8994738106967556,0.0,,1,-1.3404825737265416,0,,1,-1.3404825737265416
289,220701,1100,-0.018745705084072615,671.0,0.8717766394109019,-0.02218132513510869,671.0,0.8717766394109019,0.0,,0,,0,,0,
290,220701,1105,-0.017587314285535185,658.0,0.8617049086516066,-0.023800978566024263,658.0,0.8617049086516066,0.0,,1,-0.5405405405405406,0,,1,-0.5405405405405406
291,220701,1110,-0.016453664233998737,648.0,0.8655450901439139,-0.03117434771926119,648.0,0.8655450901439139,0.0,,1,-1.8181818181818181,0,,1,-1.8181818181818181
292,220701,1115,-0.01916114705095645,639.0,0.8922893946676946,-0.034965394478804195,639.0,0.8922893946676946,0.9999900000999989,,1,2.307692307692308,1,2.307692307692308,0,
293,220701,1120,-0.019900177001090927,652.0,0.8928995807180149,-0.020516934892724138,652.0,0.8928995807180149,0.0,,2,-0.42019720446418896,0,,2,-0.42019720446418896
294,220701,1125,-0.031250231389364114,655.0,0.898165776148811,-0.016858771594743027,655.0,0.898165776148811,0.0,,0,,0,,0,
295,220701,1130,-0.020513532608031106,648.0,0.9104481713038938,-0.03334913921746063,648.0,0.9104481713038938,0.0,,0,,0,,0,
296,220701,1135,-0.025158487295694074,645.0,0.8883609974640083,-0.02394579413375694,645.0,0.8883609974640083,0.0,,0,,0,,0,
297,220701,1140,-0.01843501684902676,648.0,0.8690216969193073,-0.025789998644677247,648.0,0.8690216969193073,0.9999900000999989,,1,1.8376722817764166,1,1.8376722817764166,0,
298,220701,1145,-0.016489551374071564,646.0,0.8292882039407459,-0.02398742856231527,646.0,0.8292882039407459,0.24999937500156252,0.3231907141074528,4,-0.5783830246301894,1,0.27932960893854747,3,-0.8642872358197685
299,220701,1150,-0.018786571280725757,636.0,0.8207716055543219,-0.027170769845779534,636.0,0.8207716055543219,0.0,,0,,0,,0,
300,220701,1155,-0.02075385890670575,617.0,0.8558763230348613,-0.02916539592920649,617.0,0.8558763230348613,0.0,,0,,0,,0,
301,220701,1200,-0.020872045199276424,624.0,0.8479410046966452,-0.021435134598705583,624.0,0.8479410046966452,0.9999900000999989,,1,1.3719512195121952,1,1.3719512195121952,0,
302,220701,1205,-0.015210556840557405,617.0,0.8499772015123582,-0.019733170523240088,617.0,0.8499772015123582,0.0,,0,,0,,0,
303,220701,1210,-0.02729041248263581,629.0,0.8307359591993183,-0.024726026624773752,629.0,0.8307359591993183,0.0,,0,,0,,0,
304,220701,1215,-0.013115876150447438,644.0,0.8170550207315521,-0.021322619115937448,644.0,0.8170550207315521,0.0,,2,-0.2380952380952381,0,,1,-0.4761904761904762
305,220701,1220,-0.02565620131923102,633.0,0.8335611836005126,-0.03072090186206852,633.0,0.8335611836005126,0.0,,2,-0.3772368820139521,0,,2,-0.3772368820139521
306,220701,1225,-0.025531580461808843,640.0,0.8456173768374796,-0.030834729799166353,640.0,0.8456173768374796,0.0,,1,-0.3179650238473768,0,,1,-0.3179650238473768
307,220701,1230,-0.015536223455003573,645.0,0.8554205175739314,-0.024206488398167837,645.0,0.8554205175739314,0.9999900000999989,,1,0.7142857142857143,1,0.7142857142857143,0,
308,220701,1235,-0.021267676150894307,634.0,0.888092597707023,-0.017198956431541304,634.0,0.888092597707023,0.0,,3,-0.2905340019354271,0,,2,-0.43580100290314067
309,220701,1240,-0.01926491648648075,617.0,0.9093614451620078,-0.021824777609160455,617.0,0.9093614451620078,0.0,,1,-0.2777777777777778,0,,1,-0.2777777777777778
310,220701,1245,-0.02024901999627353,624.0,0.9466208620586455,-0.015285790795451091,624.0,0.9466208620586455,0.0,,2,-0.2978714008125773,0,,2,-0.2978714008125773
311,220701,1250,-0.011313828981200745,621.0,0.9529502345393414,-0.016094418845464226,621.0,0.9529502345393414,0.49999875000312505,0.3639728108597865,4,-0.3633907858811666,2,0.41590789839192566,2,-1.1426894701542587
312,220701,1255,-0.013105523806249063,605.0,0.9863866854831755,-0.027466049094552376,605.0,0.9863866854831755,0.49999750001249993,1.7541899441340778,2,0.060046970074369266,1,0.27932960893854747,1,-0.15923566878980894
313,220701,1300,-0.01756359348205221,622.0,0.9864534195741324,-0.013001702435484375,622.0,0.9864534195741324,0.0,,0,,0,,0,
314,220701,1305,-0.013652944546931296,622.0,0.9521160037590614,-0.02698714161784564,622.0,0.9521160037590614,0.49999750001249993,7.0760563380281685,2,0.48376244729523643,1,1.1267605633802817,1,-0.15923566878980894
315,220801,925,-0.033274772118947984,661.0,0.9261469467865636,-0.04564513084245668,661.0,0.9261469467865636,0.9999950000249999,,2,1.2311669668432281,2,1.2311669668432281,0,
316,220801,930,-0.03231491822038067,674.0,0.8985115331541632,-0.042011474355639525,674.0,0.8985115331541632,0.0,,0,,0,,0,
317,220801,935,-0.031332763075128355,660.0,0.9369223022510135,-0.039041683139541976,660.0,0.9369223022510135,0.9999950000249999,,2,2.493785975928833,2,2.493785975928833,0,
318,220801,940,-0.03470581470037467,671.0,0.9370714829936733,-0.03709420268347362,671.0,0.9370714829936733,0.9999900000999989,,1,1.1904761904761905,1,1.1904761904761905,0,
319,220801,945,-0.0323908477531221,648.0,0.973572448930869,-0.0355915371972116,648.0,0.973572448930869,0.9999966666777778,,3,0.8894304647425314,3,0.8894304647425314,0,
320,220801,950,-0.03461145252113323,645.0,0.9433479931277019,-0.029524147417543757,645.0,0.9433479931277019,0.9999966666777778,,3,2.313590079473171,3,2.313590079473171,0,
321,220801,955,-0.03310169674595649,646.0,0.9146305093212211,-0.03663232032485367,646.0,0.9146305093212211,0.0,,0,,0,,0,
322,220801,1000,-0.029056954730405468,637.0,0.9293955786253427,-0.03829653688649361,637.0,0.9293955786253427,0.0,,0,,0,,0,
323,220801,1005,-0.03130515198327321,652.0,0.9338468419161537,-0.027958287929548093,652.0,0.9338468419161537,0.0,,0,,0,,0,
324,220801,1010,-0.028114782745134268,671.0,0.8946692857984262,-0.025418855039816512,671.0,0.8946692857984262,0.6666644444518518,0.7422547332185886,3,0.14043752650352967,2,0.6454388984509466,1,-0.8695652173913043
325,220801,1015,-0.024556919183608233,665.0,0.9155839409853918,-0.0382069064794522,665.0,0.9155839409853918,0.0,,0,,0,,0,
326,220801,1020,-0.02838743284923612,654.0,0.93451471132437,-0.028701573093925282,654.0,0.93451471132437,0.0,,0,,0,,0,
327,220801,1025,-0.02588774566601194,664.0,0.9162879838059674,-0.03737633883254318,664.0,0.9162879838059674,0.7999984000032001,1.4602167651540918,5,1.257368067692563,4,1.8963854092910284,1,-1.2987012987012987
328,220801,1030,-0.028547291139674327,660.0,0.9066215316168462,-0.022902036104998275,660.0,0.9066215316168462,0.0,,0,,0,,0,
329,220801,1035,-0.029911424075633703,651.0,0.9252760334865778,-0.03223104264290294,651.0,0.9252760334865778,0.0,,0,,0,,0,
330,220801,1040,-0.02925537045933562,669.0,0.8948240111365298,-0.028751784373976724,669.0,0.8948240111365298,0.7142846938790088,3.5531276249985013,7,0.5044204590287121,5,0.795774441456765,2,-0.22396449704142013
331,220801,1045,-0.027291674639931374,651.0,0.931414215423641,-0.027975793711442893,651.0,0.931414215423641,0.0,,1,0.0,0,,0,
332,220801,1050,-0.03167070509770082,636.0,0.9527524707192552,-0.024356024119975842,636.0,0.9527524707192552,0.3333322222259259,1.2203278095876064,3,-0.12601654728718217,1,0.591715976331361,2,-0.48488280909645376
333,220801,1055,-0.0324862801994637,650.0,0.9551875708600157,-0.02939131319814889,650.0,0.9551875708600157,0.0,,0,,0,,0,
334,220801,1100,-0.025709298359114414,668.0,0.9251081873469926,-0.02912735275102891,668.0,0.9251081873469926,0.0,,3,-0.5359184031051302,0,,3,-0.5359184031051302
335,220801,1105,-0.030230521555456687,648.0,0.9258244227482555,-0.027031740180777336,648.0,0.9258244227482555,0.16666638888935187,1.5288099058353681,6,-0.4752522854121392,1,1.2558869701726845,5,-0.8214801365291038
336,220801,1110,-0.029286857968592532,631.0,0.9212051273890977,-0.03183892667527391,631.0,0.9212051273890977,0.49999750001249993,6.343259085580304,2,1.3331484744461837,1,3.1652989449003512,1,-0.499001996007984
337,220801,1115,-0.03265710150466373,647.0,0.9104867014756155,-0.042013541743415025,647.0,0.9104867014756155,0.0,,1,-0.19646365422396855,0,,1,-0.19646365422396855
338,220801,1120,-0.03324538546905383,652.0,0.9231333651795705,-0.02524755006376658,652.0,0.9231333651795705,0.0,,0,,0,,0,
339,220801,1125,-0.029378358298851145,640.0,0.9376621127106066,-0.02430981467749213,640.0,0.9376621127106066,0.0,,1,-0.9746588693957114,0,,1,-0.9746588693957114
340,220801,1130,-0.019814123020372883,644.0,0.9493029383411091,-0.0229850007159811,644.0,0.9493029383411091,0.24999937500156252,3.248153638260721,4,0.04020966757652941,1,2.1052631578947367,3,-0.648141495862873
341,220801,1135,-0.0295826295385285,643.0,0.9501505586649454,-0.026614556046983512,643.0,0.9501505586649454,0.7499981250046875,0.45005726846763466,4,0.0853245139870624,3,0.43865230844798697,1,-0.9746588693957114
342,220801,1140,-0.020971990303061964,644.0,0.9273616769587949,-0.03056048856191348,644.0,0.9273616769587949,0.0,,1,-0.9746588693957114,0,,1,-0.9746588693957114
343,220801,1145,-0.033100470537872,644.0,0.8888070675339658,-0.0243356742614742,644.0,0.8888070675339658,0.0,,0,,0,,0,
344,220801,1150,-0.022310340407860466,631.0,0.8909906266208171,-0.03160997904373755,631.0,0.8909906266208171,0.0,,0,,0,,0,
345,220801,1155,-0.02665096490081464,621.0,0.9247402031493432,-0.023979537794969984,621.0,0.9247402031493432,0.0,,2,-0.249500998003992,0,,1,-0.499001996007984
346,220801,1200,-0.021512657934670505,626.0,0.9100935481487471,-0.021966133403014596,626.0,0.9100935481487471,0.0,,0,,0,,0,
347,220801,1205,-0.023742296211072645,625.0,0.9154905462286693,-0.02922824714014198,625.0,0.9154905462286693,0.0,,1,-0.78125,0,,1,-0.78125
348,220801,1210,-0.02321363480541454,640.0,0.8936852324618783,-0.030326307856124616,640.0,0.8936852324618783,0.49999750001249993,0.24782608695652175,2,-0.36655648783795236,1,0.24154589371980675,1,-0.9746588693957114
349,220801,1215,-0.024247717387856096,648.0,0.8914167797118423,-0.02928899938379533,648.0,0.8914167797118423,0.0,,0,,0,,0,
350,220801,1220,-0.0335022416883428,642.0,0.8871492656361023,-0.031237196324257,642.0,0.8871492656361023,0.49999750001249993,0.35542725173210166,2,-0.31411927303503817,1,0.3464203233256351,1,-0.9746588693957114
351,220801,1225,-0.025549995693065212,648.0,0.9140315210633788,-0.019037888924165483,648.0,0.9140315210633788,0.49999750001249993,,2,0.2557544757033248,1,0.5115089514066496,0,
352,220801,1230,-0.016008999985480804,655.0,0.9333870229558596,-0.016755761838981267,655.0,0.9333870229558596,0.0,,0,,0,,0,
353,220801,1235,-0.02410204132963044,640.0,0.9318712454372621,-0.01591779336636378,640.0,0.9318712454372621,0.0,,0,,0,,0,
354,220801,1240,-0.015815446942471934,628.0,0.9627142350827014,-0.018224286779411573,628.0,0.9627142350827014,0.6666644444518518,,3,0.7451963630229027,2,1.117794544534354,0,
355,220801,1245,-0.020666283004362778,633.0,0.9903666618597946,-0.01997457705796955,633.0,0.9903666618597946,0.0,,0,,0,,0,
356,220801,1250,-0.017143698704236383,633.0,1.021457830720209,-0.016248390388236552,633.0,1.021457830720209,0.0,,1,-0.19646365422396855,0,,1,-0.19646365422396855
357,220801,1255,-0.013213875487611139,622.0,1.0535940216671738,-0.020831730952428382,622.0,1.0535940216671738,0.0,,0,,0,,0,
358,220801,1300,-0.014172911106707521,635.0,1.0492196926041828,-0.014739748738757868,635.0,1.0492196926041828,0.0,,1,-0.22935779816513763,0,,1,-0.22935779816513763
359,220801,1305,-0.018535661826174124,636.0,1.0278840760452395,-0.016306124904604733,636.0,1.0278840760452395,0.0,,0,,0,,0,
360,220901,925,-0.042318799660801425,669.0,0.9867595748362356,-0.04600268242016219,669.0,0.9867595748362356,0.24999968750039064,0.2849315770226971,8,-1.0516092814845401,2,0.5410879192297811,5,-1.8990100180671763
361,220901,930,-0.03999575585086582,689.0,0.9593625128838567,-0.03957194023022371,689.0,0.9593625128838567,0.14285693877580175,0.14134373184608517,7,-1.0090484070151788,1,0.258732212160414,4,-1.8305177653166664
362,220901,935,-0.026635310129590035,680.0,0.9937336572066777,-0.03187977488161564,680.0,0.9937336572066777,0.06666662222225185,0.1914238619144324,15,-0.7090587288880034,1,0.1724137931034483,12,-0.9006912272019582
363,220901,940,-0.04170109615094219,705.0,0.9750885780551973,-0.0435143224627363,705.0,0.9750885780551973,0.0,,0,,0,,0,
364,220901,945,-0.03890721944781461,694.0,1.0103320219321805,-0.0408979533953895,694.0,1.0103320219321805,0.3333322222259259,0.11102114688512099,3,-0.9778497709532193,1,0.1724137931034483,2,-1.552981552981553
365,220901,950,-0.03749520300882621,688.0,0.9801411864521199,-0.04012773918819046,688.0,0.9801411864521199,0.24999937500156252,0.24735213372837525,4,-0.27932876859821704,1,0.1004016064257028,3,-0.40590556027285696
366,220901,955,-0.03732458056456622,694.0,0.9300970366422399,-0.0364102620273005,694.0,0.9300970366422399,0.0,,2,-0.4220199198103387,0,,2,-0.4220199198103387
367,220901,1000,-0.03875043640580869,678.0,0.9368309484293712,-0.034987343615904457,678.0,0.9368309484293712,0.0,,1,-0.30272452068617556,0,,1,-0.30272452068617556
368,220901,1005,-0.029869325460028347,704.0,0.9182858936218398,-0.047465526441358145,704.0,0.9182858936218398,0.0,,0,,0,,0,
369,220901,1010,-0.027103868407664926,709.0,0.8923871786066334,-0.03426819863714686,709.0,0.8923871786066334,0.11111098765445816,0.32746039617384726,9,-0.6860030810335721,1,0.2635046113306983,8,-0.8046915425791059
370,220901,1015,-0.02625372987125693,708.0,0.8814795079397756,-0.023383540711476865,708.0,0.8814795079397756,0.0,,1,-0.10111223458038424,0,,1,-0.10111223458038424
371,220901,1020,-0.02630869531189957,704.0,0.907121327968451,-0.031239639152829422,704.0,0.907121327968451,0.0,,0,,0,,0,
372,220901,1025,-0.014441217011695604,701.0,0.9091108421442843,-0.03237496866984761,701.0,0.9091108421442843,0.4285708163274053,1.3366947140784071,7,0.0016644530917481035,3,1.5444109358753488,4,-1.1553954089959524
373,220901,1030,-0.03480060626294119,701.0,0.9015115986839468,-0.03681898293144715,701.0,0.9015115986839468,0.0,,2,-0.3993610223642172,0,,1,-0.7987220447284344
374,220901,1035,-0.02593093606931801,690.0,0.9078534317425451,-0.02724011524487099,690.0,0.9078534317425451,0.0,,0,,0,,0,
375,220901,1040,-0.014434036550330239,702.0,0.9034912871698976,-0.03062198189251511,702.0,0.9034912871698976,0.0,,0,,0,,0,
376,220901,1045,-0.023461337846053632,704.0,0.9177831216794727,-0.023902205128856567,704.0,0.9177831216794727,0.1923076183432237,0.9740886039083,26,-0.5633677754956774,5,1.2819938298495903,16,-1.316095707008473
377,220901,1050,-0.026548626567956,697.0,0.9581795455062432,-0.03945103148221829,697.0,0.9581795455062432,0.0,,0,,0,,0,
378,220901,1055,-0.022742933101243024,707.0,0.9628699573600605,-0.02743700523442873,707.0,0.9628699573600605,0.24999937500156252,0.828717883217182,4,-0.4345024529144984,1,0.6633499170812603,3,-0.8004532429130847
379,220901,1100,-0.03300662706240383,725.0,0.9633612231305455,-0.027720739237928366,725.0,0.9633612231305455,0.3333322222259259,0.7216358930591116,3,-0.391703873793426,1,0.6633499170812603,2,-0.9192307692307693
380,220901,1105,-0.028314852009293956,699.0,0.9681647747331049,-0.021357136854205486,699.0,0.9681647747331049,0.9999900000999989,,1,0.49668874172185434,1,0.49668874172185434,0,
381,220901,1110,-0.030948901757497007,697.0,0.9396836908349718,-0.026866641010813087,697.0,0.9396836908349718,0.49999875000312505,1.773182115314278,4,0.3211862046706049,2,0.8946428432463561,1,-0.5045408678102926
382,220901,1115,-0.025652280540546232,698.0,0.931311911395203,-0.03065135805909479,698.0,0.931311911395203,0.0,,1,-0.6745362563237773,0,,1,-0.6745362563237773
383,220901,1120,-0.031083311484852192,694.0,0.9404595304915105,-0.03054611415145361,694.0,0.9404595304915105,0.9999900000999989,,1,0.34965034965034963,1,0.34965034965034963,0,
384,220901,1125,-0.026753971869135973,684.0,0.9659576404464284,-0.023735926404590307,684.0,0.9659576404464284,0.6666644444518518,1.3752868593670482,3,0.8175475627479726,2,1.926846738167493,1,-1.4010507880910683
385,220901,1130,-0.0238101224885306,683.0,0.9923508288841294,-0.026276839524127044,683.0,0.9923508288841294,0.9999900000999989,,1,0.34965034965034963,1,0.34965034965034963,0,
386,220901,1135,-0.019014982663964754,690.0,0.9726534728531493,-0.031201064861709312,690.0,0.9726534728531493,0.3333322222259259,8.605567548713696,3,0.9681344560571615,1,3.783783783783784,2,-0.4396902078061498
387,220901,1140,-0.021599947198653054,690.0,0.964885494172334,-0.03048030566767993,690.0,0.964885494172334,0.0,,1,-0.9523809523809524,0,,1,-0.9523809523809524
388,220901,1145,-0.018453940526158924,682.0,0.9417009931660472,-0.020407528445676927,682.0,0.9417009931660472,0.9999975000062501,,4,1.196079342672768,4,1.196079342672768,0,
389,220901,1150,-0.02885392995420583,679.0,0.922105642383786,-0.023323631839276025,679.0,0.922105642383786,0.0,,0,,0,,0,
390,220901,1155,-0.02485546602247429,678.0,0.9281203694977134,-0.023403733081608754,678.0,0.9281203694977134,0.0,,0,,0,,0,
391,220901,1200,-0.021620309216986225,681.0,0.9358964997918917,-0.024674408343486734,681.0,0.9358964997918917,0.9999950000249999,,2,2.2427690848743485,2,2.2427690848743485,0,
392,220901,1205,-0.02541449704001365,691.0,0.9348692478141072,-0.028617839603016768,691.0,0.9348692478141072,0.0,,1,-0.8849557522123894,0,,1,-0.8849557522123894
393,220901,1210,-0.0259560191491784,697.0,0.9294988287482864,-0.03419636404578239,697.0,0.9294988287482864,0.9999950000249999,,2,1.8392815982463322,2,1.8392815982463322,0,
394,220901,1215,-0.01939081209096668,706.0,0.9224278743243429,-0.03531610519961436,706.0,0.9224278743243429,0.5555549382722909,0.42034610954732926,9,-0.49529472524616225,5,0.9870868939573949,4,-2.3482717492506087
395,220901,1220,-0.02446582172677224,697.0,0.9407034229710503,-0.02340392517106291,697.0,0.9407034229710503,0.39999920000160005,7.268952819092476,5,0.6976219290990089,2,2.0222599509526504,2,-0.2782051282051282
396,220901,1225,-0.020404377490880667,696.0,0.9485749352405081,-0.026436029474918115,696.0,0.9485749352405081,0.0,,0,,0,,0,
397,220901,1230,-0.026827288673508795,717.0,0.9322568299133916,-0.026445736957609878,717.0,0.9322568299133916,0.6666644444518518,6.013332311700253,3,1.2762343314120954,2,2.0879626082292546,1,-0.3472222222222222
398,220901,1235,-0.029381962963822807,688.0,0.9582686290738782,-0.023596457307042254,688.0,0.9582686290738782,0.0,,0,,0,,0,
399,220901,1240,-0.016118895906959342,691.0,0.9632894579851474,-0.027355574553707695,691.0,0.9632894579851474,0.49999750001249993,8.493297587131368,2,1.3009197199880844,1,2.949061662198391,1,-0.3472222222222222
400,220901,1245,-0.019265615383941104,695.0,0.9840733072073993,-0.018840283073946824,695.0,0.9840733072073993,0.24999937500156252,6.978889894193582,4,0.42033875813249166,1,2.949061662198391,3,-0.4225688765561415
401,220901,1250,-0.021528616998977394,689.0,1.0201699162932167,-0.018779361278066852,689.0,1.0201699162932167,0.0,,0,,0,,0,
402,220901,1255,-0.011080270831780717,682.0,1.060428500421877,-0.018127926647978704,682.0,1.060428500421877,0.19999960000080003,4.847623090530684,5,0.26710620319159856,1,3.5040431266846364,3,-0.7228373702422145
403,220901,1300,-0.016349658071604385,686.0,1.0557434974054374,-0.020731012298544606,686.0,1.0557434974054374,0.33333277777870374,13.812846212497394,6,0.6516328268899166,2,2.107471800309143,2,-0.1525733196393929
404,220901,1305,-0.014769750808808577,679.0,1.0719553256862278,-0.01891989013583785,679.0,1.0719553256862278,0.3333322222259259,4.6804004620716215,3,0.9184600083601194,1,3.5040431266846364,1,-0.7486631016042781
