ty,cd,tms,td,ttm,ttms,tp,tv,ab,pcp,c,cp,sid,st
trade,KRW-BTC,1665115469530,2022-10-07,04:04:29,1665115469488,28427000,0.10056448,BID,28418000.0,RISE,9000.0,1665115469488000,REALTIME
trade,KRW-BTC,1665115470636,2022-10-07,04:04:30,1665115470591,28427000,0.00105533,BID,28418000.0,RISE,9000.0,1665115470591000,REALTIME
trade,KRW-BTC,1665115471779,2022-10-07,04:04:31,1665115471733,28427000,0.00035174,BID,28418000.0,RISE,9000.0,1665115471733000,REALTIME
trade,KRW-BTC,1665115473387,2022-10-07,04:04:33,1665115473327,28426000,0.0006,ASK,28418000.0,RISE,8000.0,1665115473327000,REALTIME
trade,KRW-BTC,1665115473389,2022-10-07,04:04:33,1665115473327,28426000,0.00035179,ASK,28418000.0,RISE,8000.0,1665115473327001,REALTIME
trade,KRW-BTC,1665115473389,2022-10-07,04:04:33,1665115473327,28426000,0.03164533,ASK,28418000.0,RISE,8000.0,1665115473327002,REALTIME
trade,KRW-BTC,1665115476279,2022-10-07,04:04:36,1665115476185,28425000,0.00104275,ASK,28418000.0,RISE,7000.0,1665115476185000,REALTIME
trade,KRW-BTC,1665115476281,2022-10-07,04:04:36,1665115476185,28425000,0.00703264,ASK,28418000.0,RISE,7000.0,1665115476185001,REALTIME
trade,KRW-BTC,1665115476281,2022-10-07,04:04:36,1665115476185,28425000,0.0009,ASK,28418000.0,RISE,7000.0,1665115476185002,REALTIME
trade,KRW-BTC,1665115476281,2022-10-07,04:04:36,1665115476185,28425000,0.00342461,ASK,28418000.0,RISE,7000.0,1665115476185003,REALTIME
trade,KRW-BTC,1665115480669,2022-10-07,04:04:40,1665115480624,28426000,0.0035179,BID,28418000.0,RISE,8000.0,1665115480624000,REALTIME
trade,KRW-BTC,1665115483675,2022-10-07,04:04:43,1665115483623,28425000,8.99e-05,ASK,28418000.0,RISE,7000.0,1665115483623000,REALTIME
trade,KRW-BTC,1665115483676,2022-10-07,04:04:43,1665115483623,28425000,0.01024268,ASK,28418000.0,RISE,7000.0,1665115483623001,REALTIME
trade,KRW-BTC,1665115485475,2022-10-07,04:04:45,1665115485411,28425000,0.00824993,BID,28418000.0,RISE,7000.0,1665115485411000,REALTIME
trade,KRW-BTC,1665115488271,2022-10-07,04:04:48,1665115488187,28426000,0.24625657,BID,28418000.0,RISE,8000.0,1665115488187000,REALTIME
trade,KRW-BTC,1665115488272,2022-10-07,04:04:48,1665115488187,28427000,0.28087182,BID,28418000.0,RISE,9000.0,1665115488187001,REALTIME
trade,KRW-BTC,1665115488281,2022-10-07,04:04:48,1665115488187,28425000,0.00075766,BID,28418000.0,RISE,7000.0,1665115488187002,REALTIME
trade,KRW-BTC,1665115494754,2022-10-07,04:04:54,1665115494704,28425000,0.00351627,BID,28418000.0,RISE,7000.0,1665115494704000,REALTIME
trade,KRW-BTC,1665115496730,2022-10-07,04:04:56,1665115496685,28425000,0.0007036,BID,28418000.0,RISE,7000.0,1665115496685000,REALTIME
trade,KRW-BTC,1665115496820,2022-10-07,04:04:56,1665115496717,28420000,0.0009,ASK,28418000.0,RISE,2000.0,1665115496717000,REALTIME
trade,KRW-BTC,1665115496821,2022-10-07,04:04:56,1665115496717,28424000,0.0003,ASK,28418000.0,RISE,6000.0,1665115496717001,REALTIME
trade,KRW-BTC,1665115496821,2022-10-07,04:04:56,1665115496717,28424000,0.00113578,ASK,28418000.0,RISE,6000.0,1665115496717002,REALTIME
trade,KRW-BTC,1665115496821,2022-10-07,04:04:56,1665115496717,28419000,0.00035187,ASK,28418000.0,RISE,1000.0,1665115496717003,REALTIME
trade,KRW-BTC,1665115496821,2022-10-07,04:04:56,1665115496717,28419000,0.0003517,ASK,28418000.0,RISE,1000.0,1665115496717004,REALTIME
trade,KRW-BTC,1665115496821,2022-10-07,04:04:56,1665115496717,28419000,0.00808913,ASK,28418000.0,RISE,1000.0,1665115496717005,REALTIME
trade,KRW-BTC,1665115496821,2022-10-07,04:04:56,1665115496717,28419000,0.00056077,ASK,28418000.0,RISE,1000.0,1665115496717006,REALTIME
trade,KRW-BTC,1665115496821,2022-10-07,04:04:56,1665115496717,28415000,0.00491629,ASK,28418000.0,FALL,3000.0,1665115496717007,REALTIME
trade,KRW-BTC,1665115499688,2022-10-07,04:04:59,1665115499635,28425000,0.01,BID,28418000.0,RISE,7000.0,1665115499635000,REALTIME
trade,KRW-BTC,1665115505968,2022-10-07,04:05:05,1665115505918,28415000,0.00703582,ASK,28418000.0,FALL,3000.0,1665115505918000,REALTIME
trade,KRW-BTC,1665115517675,2022-10-07,04:05:17,1665115517612,28418000,0.01408441,ASK,28418000.0,EVEN,0.0,1665115517612000,REALTIME
trade,KRW-BTC,1665115526950,2022-10-07,04:05:26,1665115526903,28418000,0.02413985,ASK,28418000.0,EVEN,0.0,1665115526903000,REALTIME
trade,KRW-BTC,1665115530382,2022-10-07,04:05:30,1665115530315,28420000,0.0008,ASK,28418000.0,RISE,2000.0,1665115530315000,REALTIME
trade,KRW-BTC,1665115532666,2022-10-07,04:05:32,1665115532598,28425000,0.00070372,BID,28418000.0,RISE,7000.0,1665115532598000,REALTIME
trade,KRW-BTC,1665115532867,2022-10-07,04:05:32,1665115532790,28418000,0.0028347,ASK,28418000.0,EVEN,0.0,1665115532790000,REALTIME
trade,KRW-BTC,1665115532868,2022-10-07,04:05:32,1665115532790,28420000,0.00159475,ASK,28418000.0,RISE,2000.0,1665115532790001,REALTIME
trade,KRW-BTC,1665115556089,2022-10-07,04:05:56,1665115556036,28420000,0.00211118,BID,28418000.0,RISE,2000.0,1665115556036000,REALTIME
trade,KRW-BTC,1665115558970,2022-10-07,04:05:58,1665115558917,28418000,0.00442877,ASK,28418000.0,EVEN,0.0,1665115558917000,REALTIME
trade,KRW-BTC,1665115558972,2022-10-07,04:05:58,1665115558917,28418000,0.03535486,ASK,28418000.0,EVEN,0.0,1665115558917001,REALTIME
trade,KRW-BTC,1665115559898,2022-10-07,04:05:59,1665115559845,28418000,0.00104261,BID,28418000.0,EVEN,0.0,1665115559845000,REALTIME
trade,KRW-BTC,1665115560517,2022-10-07,04:06:00,1665115560465,28418000,0.00057931,BID,28418000.0,EVEN,0.0,1665115560465000,REALTIME
trade,KRW-BTC,1665115561466,2022-10-07,04:06:01,1665115561419,28418000,0.0005,BID,28418000.0,EVEN,0.0,1665115561419000,REALTIME
trade,KRW-BTC,1665115565824,2022-10-07,04:06:05,1665115565776,28418000,0.01932085,BID,28418000.0,EVEN,0.0,1665115565776000,REALTIME
trade,KRW-BTC,1665115567910,2022-10-07,04:06:07,1665115567848,28418000,0.01331482,BID,28418000.0,EVEN,0.0,1665115567848000,REALTIME
trade,KRW-BTC,1665115568642,2022-10-07,04:06:08,1665115568598,28418000,0.00070377,BID,28418000.0,EVEN,0.0,1665115568598000,REALTIME
trade,KRW-BTC,1665115579576,2022-10-07,04:06:19,1665115579528,28418000,0.0008,BID,28418000.0,EVEN,0.0,1665115579528000,REALTIME
trade,KRW-BTC,1665115592590,2022-10-07,04:06:32,1665115592545,28418000,0.00019337,BID,28418000.0,EVEN,0.0,1665115592545000,REALTIME
trade,KRW-BTC,1665115598177,2022-10-07,04:06:38,1665115598130,28418000,0.0005,BID,28418000.0,EVEN,0.0,1665115598130000,REALTIME
trade,KRW-BTC,1665115603312,2022-10-07,04:06:43,1665115603237,28418000,0.02311164,BID,28418000.0,EVEN,0.0,1665115603237000,REALTIME
trade,KRW-BTC,1665115603313,2022-10-07,04:06:43,1665115603237,28418000,0.01759386,BID,28418000.0,EVEN,0.0,1665115603237001,REALTIME
trade,KRW-BTC,1665115603313,2022-10-07,04:06:43,1665115603237,28418000,0.01029395,BID,28418000.0,EVEN,0.0,1665115603237002,REALTIME
trade,KRW-BTC,1665115603315,2022-10-07,04:06:43,1665115603237,28418000,0.00173124,BID,28418000.0,EVEN,0.0,1665115603237003,REALTIME
trade,KRW-BTC,1665115604378,2022-10-07,04:06:44,1665115604324,28418000,0.06043587,BID,28418000.0,EVEN,0.0,1665115604324000,REALTIME
trade,KRW-BTC,1665115604380,2022-10-07,04:06:44,1665115604324,28418000,0.0035189,BID,28418000.0,EVEN,0.0,1665115604324001,REALTIME
trade,KRW-BTC,1665115616612,2022-10-07,04:06:56,1665115616497,28415000,0.0006,ASK,28418000.0,FALL,3000.0,1665115616497000,REALTIME
trade,KRW-BTC,1665115616613,2022-10-07,04:06:56,1665115616497,28415000,0.00335296,ASK,28418000.0,FALL,3000.0,1665115616497001,REALTIME
trade,KRW-BTC,1665115616613,2022-10-07,04:06:56,1665115616497,28415000,0.00953325,ASK,28418000.0,FALL,3000.0,1665115616497002,REALTIME
trade,KRW-BTC,1665115616613,2022-10-07,04:06:56,1665115616497,28415000,0.0278625,ASK,28418000.0,FALL,3000.0,1665115616497003,REALTIME
trade,KRW-BTC,1665115616613,2022-10-07,04:06:56,1665115616497,28415000,0.13266003,ASK,28418000.0,FALL,3000.0,1665115616497004,REALTIME
trade,KRW-BTC,1665115616613,2022-10-07,04:06:56,1665115616497,28415000,0.00268545,ASK,28418000.0,FALL,3000.0,1665115616497005,REALTIME
trade,KRW-BTC,1665115616613,2022-10-07,04:06:56,1665115616497,28418000,0.07037792,ASK,28418000.0,EVEN,0.0,1665115616497006,REALTIME
trade,KRW-BTC,1665115616613,2022-10-07,04:06:56,1665115616497,28415000,0.0009,ASK,28418000.0,FALL,3000.0,1665115616497007,REALTIME
trade,KRW-BTC,1665115620575,2022-10-07,04:07:00,1665115620530,28420000,0.0058052,BID,28418000.0,RISE,2000.0,1665115620530000,REALTIME
trade,KRW-BTC,1665115631257,2022-10-07,04:07:11,1665115631202,28420000,0.07072485,BID,28418000.0,RISE,2000.0,1665115631202000,REALTIME
trade,KRW-BTC,1665115631264,2022-10-07,04:07:11,1665115631202,28420000,0.02797384,BID,28418000.0,RISE,2000.0,1665115631202001,REALTIME
trade,KRW-BTC,1665115637995,2022-10-07,04:07:17,1665115637940,28425000,0.00175813,BID,28418000.0,RISE,7000.0,1665115637940000,REALTIME
trade,KRW-BTC,1665115639285,2022-10-07,04:07:19,1665115639217,28425000,0.0002,BID,28418000.0,RISE,7000.0,1665115639217000,REALTIME
trade,KRW-BTC,1665115640683,2022-10-07,04:07:20,1665115640610,28425000,0.0007036,BID,28418000.0,RISE,7000.0,1665115640610000,REALTIME
trade,KRW-BTC,1665115643866,2022-10-07,04:07:23,1665115643824,28425000,0.01784821,BID,28418000.0,RISE,7000.0,1665115643824000,REALTIME
trade,KRW-BTC,1665115679925,2022-10-07,04:07:59,1665115679860,28425000,0.0003518,ASK,28418000.0,RISE,7000.0,1665115679860000,REALTIME
trade,KRW-BTC,1665115679926,2022-10-07,04:07:59,1665115679860,28425000,0.0003518,ASK,28418000.0,RISE,7000.0,1665115679860001,REALTIME
trade,KRW-BTC,1665115679926,2022-10-07,04:07:59,1665115679860,28425000,0.00292448,ASK,28418000.0,RISE,7000.0,1665115679860002,REALTIME
trade,KRW-BTC,1665115679926,2022-10-07,04:07:59,1665115679860,28425000,0.0003518,ASK,28418000.0,RISE,7000.0,1665115679860003,REALTIME
trade,KRW-BTC,1665115684056,2022-10-07,04:08:04,1665115684007,28420000,0.00703731,ASK,28418000.0,RISE,2000.0,1665115684007000,REALTIME
trade,KRW-BTC,1665115686902,2022-10-07,04:08:06,1665115686831,28420000,0.02270522,BID,28418000.0,RISE,2000.0,1665115686831000,REALTIME
trade,KRW-BTC,1665115688316,2022-10-07,04:08:08,1665115688265,28420000,0.05275335,BID,28418000.0,RISE,2000.0,1665115688265000,REALTIME
trade,KRW-BTC,1665115689007,2022-10-07,04:08:08,1665115688958,28420000,0.00175458,BID,28418000.0,RISE,2000.0,1665115688958000,REALTIME
trade,KRW-BTC,1665115692349,2022-10-07,04:08:12,1665115692291,28420000,0.00146372,BID,28418000.0,RISE,2000.0,1665115692291000,REALTIME
trade,KRW-BTC,1665115693734,2022-10-07,04:08:13,1665115693671,28420000,0.00351864,BID,28418000.0,RISE,2000.0,1665115693671000,REALTIME
trade,KRW-BTC,1665115696128,2022-10-07,04:08:16,1665115696079,28415000,0.00349357,ASK,28418000.0,FALL,3000.0,1665115696079000,REALTIME
trade,KRW-BTC,1665115702271,2022-10-07,04:08:22,1665115702213,28415000,0.00381902,ASK,28418000.0,FALL,3000.0,1665115702213000,REALTIME
trade,KRW-BTC,1665115702272,2022-10-07,04:08:22,1665115702213,28415000,0.0182732,ASK,28418000.0,FALL,3000.0,1665115702213001,REALTIME
trade,KRW-BTC,1665115704061,2022-10-07,04:08:23,1665115703977,28419000,0.02,BID,28418000.0,RISE,1000.0,1665115703977000,REALTIME
trade,KRW-BTC,1665115704062,2022-10-07,04:08:23,1665115703977,28419000,0.0001367,BID,28418000.0,RISE,1000.0,1665115703977001,REALTIME
trade,KRW-BTC,1665115712601,2022-10-07,04:08:32,1665115712554,28419000,0.00070375,BID,28418000.0,RISE,1000.0,1665115712554000,REALTIME
trade,KRW-BTC,1665115715353,2022-10-07,04:08:35,1665115715269,28420000,0.01393107,BID,28418000.0,RISE,2000.0,1665115715269000,REALTIME
trade,KRW-BTC,1665115715354,2022-10-07,04:08:35,1665115715269,28419000,0.02125176,BID,28418000.0,RISE,1000.0,1665115715269001,REALTIME
trade,KRW-BTC,1665115721614,2022-10-07,04:08:41,1665115721546,28420000,0.02015612,BID,28418000.0,RISE,2000.0,1665115721546000,REALTIME
trade,KRW-BTC,1665115725048,2022-10-07,04:08:44,1665115724992,28419000,0.0009,ASK,28418000.0,RISE,1000.0,1665115724992000,REALTIME
trade,KRW-BTC,1665115725050,2022-10-07,04:08:44,1665115724992,28419000,0.000103,ASK,28418000.0,RISE,1000.0,1665115724992001,REALTIME
trade,KRW-BTC,1665115735112,2022-10-07,04:08:55,1665115735027,28419000,0.001897,ASK,28418000.0,RISE,1000.0,1665115735027000,REALTIME
trade,KRW-BTC,1665115735114,2022-10-07,04:08:55,1665115735027,28419000,0.00105563,ASK,28418000.0,RISE,1000.0,1665115735027001,REALTIME
trade,KRW-BTC,1665115738169,2022-10-07,04:08:58,1665115738117,28419000,0.00105601,BID,28418000.0,RISE,1000.0,1665115738117000,REALTIME
trade,KRW-BTC,1665115741147,2022-10-07,04:09:01,1665115741095,28419000,0.00035188,BID,28418000.0,RISE,1000.0,1665115741095000,REALTIME
trade,KRW-BTC,1665115741540,2022-10-07,04:09:01,1665115741474,28419000,0.003,BID,28418000.0,RISE,1000.0,1665115741474000,REALTIME
trade,KRW-BTC,1665115749435,2022-10-07,04:09:09,1665115749376,28419000,4.624e-05,BID,28418000.0,RISE,1000.0,1665115749376000,REALTIME
trade,KRW-BTC,1665115749436,2022-10-07,04:09:09,1665115749376,28419000,0.01778045,BID,28418000.0,RISE,1000.0,1665115749376001,REALTIME
trade,KRW-BTC,1665115750591,2022-10-07,04:09:10,1665115750536,28420000,0.00351689,BID,28418000.0,RISE,2000.0,1665115750536000,REALTIME
trade,KRW-BTC,1665115764186,2022-10-07,04:09:24,1665115764134,28420000,0.04990081,BID,28418000.0,RISE,2000.0,1665115764134000,REALTIME
trade,KRW-BTC,1665115764187,2022-10-07,04:09:24,1665115764134,28420000,0.00976333,BID,28418000.0,RISE,2000.0,1665115764134001,REALTIME
trade,KRW-BTC,1665115764248,2022-10-07,04:09:24,1665115764184,28420000,0.07860553,BID,28418000.0,RISE,2000.0,1665115764184000,REALTIME
trade,KRW-BTC,1665115764249,2022-10-07,04:09:24,1665115764184,28420000,0.02123494,BID,28418000.0,RISE,2000.0,1665115764184001,REALTIME
trade,KRW-BTC,1665115764249,2022-10-07,04:09:24,1665115764184,28420000,0.04418443,BID,28418000.0,RISE,2000.0,1665115764184002,REALTIME
trade,KRW-BTC,1665115764249,2022-10-07,04:09:24,1665115764184,28420000,0.07,BID,28418000.0,RISE,2000.0,1665115764184003,REALTIME
trade,KRW-BTC,1665115784689,2022-10-07,04:09:44,1665115784644,28425000,0.00070372,BID,28418000.0,RISE,7000.0,1665115784644000,REALTIME
trade,KRW-BTC,1665115789850,2022-10-07,04:09:49,1665115789783,28425000,0.01463725,BID,28418000.0,RISE,7000.0,1665115789783000,REALTIME
trade,KRW-BTC,1665115789851,2022-10-07,04:09:49,1665115789783,28427000,0.02052404,BID,28418000.0,RISE,9000.0,1665115789783001,REALTIME
trade,KRW-BTC,1665115796625,2022-10-07,04:09:56,1665115796564,28420000,0.00246305,ASK,28418000.0,RISE,2000.0,1665115796564000,REALTIME
trade,KRW-BTC,1665115796627,2022-10-07,04:09:56,1665115796564,28418000,0.0006,ASK,28418000.0,EVEN,0.0,1665115796564001,REALTIME
trade,KRW-BTC,1665115796627,2022-10-07,04:09:56,1665115796564,28418000,0.00070557,ASK,28418000.0,EVEN,0.0,1665115796564002,REALTIME
trade,KRW-BTC,1665115796627,2022-10-07,04:09:56,1665115796564,28418000,0.06112694,ASK,28418000.0,EVEN,0.0,1665115796564003,REALTIME
trade,KRW-BTC,1665115798758,2022-10-07,04:09:58,1665115798716,28427000,0.00323273,BID,28418000.0,RISE,9000.0,1665115798716000,REALTIME
trade,KRW-BTC,1665115808002,2022-10-07,04:10:07,1665115807950,28419000,0.00893416,ASK,28418000.0,RISE,1000.0,1665115807950000,REALTIME
trade,KRW-BTC,1665115808003,2022-10-07,04:10:07,1665115807950,28418000,0.16699829,ASK,28418000.0,EVEN,0.0,1665115807950001,REALTIME
trade,KRW-BTC,1665115812947,2022-10-07,04:10:12,1665115812882,28427000,0.06463795,BID,28418000.0,RISE,9000.0,1665115812882000,REALTIME
trade,KRW-BTC,1665115812949,2022-10-07,04:10:12,1665115812882,28427000,0.00225105,BID,28418000.0,RISE,9000.0,1665115812882001,REALTIME
trade,KRW-BTC,1665115812949,2022-10-07,04:10:12,1665115812882,28427000,0.00346664,BID,28418000.0,RISE,9000.0,1665115812882002,REALTIME
trade,KRW-BTC,1665115820677,2022-10-07,04:10:20,1665115820611,28427000,0.00070355,BID,28418000.0,RISE,9000.0,1665115820611000,REALTIME
trade,KRW-BTC,1665115824016,2022-10-07,04:10:23,1665115823949,28418000,0.001995,ASK,28418000.0,EVEN,0.0,1665115823949000,REALTIME
trade,KRW-BTC,1665115827433,2022-10-07,04:10:27,1665115827381,28427000,0.01797068,BID,28418000.0,RISE,9000.0,1665115827381000,REALTIME
trade,KRW-BTC,1665115837598,2022-10-07,04:10:37,1665115837526,28427000,0.01388416,BID,28418000.0,RISE,9000.0,1665115837526000,REALTIME
trade,KRW-BTC,1665115837599,2022-10-07,04:10:37,1665115837526,28427000,0.01759449,BID,28418000.0,RISE,9000.0,1665115837526001,REALTIME
trade,KRW-BTC,1665115837600,2022-10-07,04:10:37,1665115837526,28427000,0.09814481,BID,28418000.0,RISE,9000.0,1665115837526002,REALTIME
trade,KRW-BTC,1665115837600,2022-10-07,04:10:37,1665115837526,28430000,0.01,BID,28418000.0,RISE,12000.0,1665115837526003,REALTIME
trade,KRW-BTC,1665115837605,2022-10-07,04:10:37,1665115837526,28430000,0.01859408,BID,28418000.0,RISE,12000.0,1665115837526004,REALTIME
trade,KRW-BTC,1665115851421,2022-10-07,04:10:51,1665115851350,28427000,0.00351741,BID,28418000.0,RISE,9000.0,1665115851350000,REALTIME
trade,KRW-BTC,1665115852053,2022-10-07,04:10:52,1665115852007,28427000,0.0009,BID,28418000.0,RISE,9000.0,1665115852007000,REALTIME
trade,KRW-BTC,1665115857844,2022-10-07,04:10:57,1665115857794,28420000,0.0006,ASK,28418000.0,RISE,2000.0,1665115857794000,REALTIME
trade,KRW-BTC,1665115858147,2022-10-07,04:10:58,1665115858071,28420000,0.00105559,BID,28418000.0,RISE,2000.0,1665115858071000,REALTIME
trade,KRW-BTC,1665115859673,2022-10-07,04:10:59,1665115859620,28420000,0.0060349,BID,28418000.0,RISE,2000.0,1665115859620000,REALTIME
trade,KRW-BTC,1665115866219,2022-10-07,04:11:06,1665115866174,28420000,0.0008,BID,28418000.0,RISE,2000.0,1665115866174000,REALTIME
trade,KRW-BTC,1665115869990,2022-10-07,04:11:09,1665115869943,28420000,0.00035186,BID,28418000.0,RISE,2000.0,1665115869943000,REALTIME
trade,KRW-BTC,1665115872303,2022-10-07,04:11:12,1665115872227,28420000,0.00351864,BID,28418000.0,RISE,2000.0,1665115872227000,REALTIME
trade,KRW-BTC,1665115880277,2022-10-07,04:11:20,1665115880232,28420000,0.00703381,BID,28418000.0,RISE,2000.0,1665115880232000,REALTIME
trade,KRW-BTC,1665115883774,2022-10-07,04:11:23,1665115883696,28420000,0.00077649,BID,28418000.0,RISE,2000.0,1665115883696000,REALTIME
trade,KRW-BTC,1665115883775,2022-10-07,04:11:23,1665115883696,28420000,0.00021279,BID,28418000.0,RISE,2000.0,1665115883696001,REALTIME
trade,KRW-BTC,1665115885214,2022-10-07,04:11:25,1665115885163,28420000,0.00065026,BID,28418000.0,RISE,2000.0,1665115885163000,REALTIME
trade,KRW-BTC,1665115888501,2022-10-07,04:11:28,1665115888397,28435000,0.0432263,BID,28418000.0,RISE,17000.0,1665115888397000,REALTIME
trade,KRW-BTC,1665115888502,2022-10-07,04:11:28,1665115888397,28420000,0.00590035,BID,28418000.0,RISE,2000.0,1665115888397001,REALTIME
trade,KRW-BTC,1665115888502,2022-10-07,04:11:28,1665115888397,28431000,0.00052751,BID,28418000.0,RISE,13000.0,1665115888397002,REALTIME
trade,KRW-BTC,1665115888502,2022-10-07,04:11:28,1665115888397,28430000,0.02009637,BID,28418000.0,RISE,12000.0,1665115888397003,REALTIME
trade,KRW-BTC,1665115888502,2022-10-07,04:11:28,1665115888397,28435000,0.00020594,BID,28418000.0,RISE,17000.0,1665115888397004,REALTIME
trade,KRW-BTC,1665115888502,2022-10-07,04:11:28,1665115888397,28427000,0.02872642,BID,28418000.0,RISE,9000.0,1665115888397005,REALTIME
trade,KRW-BTC,1665115888502,2022-10-07,04:11:28,1665115888397,28430000,0.01249574,BID,28418000.0,RISE,12000.0,1665115888397006,REALTIME
trade,KRW-BTC,1665115888502,2022-10-07,04:11:28,1665115888397,28435000,0.00020452,BID,28418000.0,RISE,17000.0,1665115888397007,REALTIME
trade,KRW-BTC,1665115888502,2022-10-07,04:11:28,1665115888397,28427000,0.02924348,BID,28418000.0,RISE,9000.0,1665115888397008,REALTIME
trade,KRW-BTC,1665115895874,2022-10-07,04:11:35,1665115895805,28420000,0.04717105,BID,28418000.0,RISE,2000.0,1665115895805000,REALTIME
trade,KRW-BTC,1665115895874,2022-10-07,04:11:35,1665115895805,28434000,0.00023068,BID,28418000.0,RISE,16000.0,1665115895805001,REALTIME
trade,KRW-BTC,1665115895874,2022-10-07,04:11:35,1665115895805,28436000,0.18128018,BID,28418000.0,RISE,18000.0,1665115895805002,REALTIME
trade,KRW-BTC,1665115895874,2022-10-07,04:11:35,1665115895805,28435000,0.0567737,BID,28418000.0,RISE,17000.0,1665115895805003,REALTIME
trade,KRW-BTC,1665115899779,2022-10-07,04:11:39,1665115899711,28427000,0.00035177,BID,28418000.0,RISE,9000.0,1665115899711000,REALTIME
trade,KRW-BTC,1665115901660,2022-10-07,04:11:41,1665115901610,28427000,0.00058102,BID,28418000.0,RISE,9000.0,1665115901610000,REALTIME
trade,KRW-BTC,1665115910953,2022-10-07,04:11:50,1665115910904,28427000,0.00024292,BID,28418000.0,RISE,9000.0,1665115910904000,REALTIME
trade,KRW-BTC,1665115912357,2022-10-07,04:11:52,1665115912237,28418000,0.00713725,ASK,28418000.0,EVEN,0.0,1665115912237000,REALTIME
trade,KRW-BTC,1665115912360,2022-10-07,04:11:52,1665115912237,28418000,0.01387468,ASK,28418000.0,EVEN,0.0,1665115912237001,REALTIME
trade,KRW-BTC,1665115912360,2022-10-07,04:11:52,1665115912237,28418000,0.00035188,ASK,28418000.0,EVEN,0.0,1665115912237002,REALTIME
trade,KRW-BTC,1665115912360,2022-10-07,04:11:52,1665115912237,28418000,0.11676897,ASK,28418000.0,EVEN,0.0,1665115912237003,REALTIME
trade,KRW-BTC,1665115912360,2022-10-07,04:11:52,1665115912237,28418000,0.1,ASK,28418000.0,EVEN,0.0,1665115912237004,REALTIME
trade,KRW-BTC,1665115912360,2022-10-07,04:11:52,1665115912237,28418000,0.00035188,ASK,28418000.0,EVEN,0.0,1665115912237005,REALTIME
trade,KRW-BTC,1665115912360,2022-10-07,04:11:52,1665115912237,28418000,0.11987977,ASK,28418000.0,EVEN,0.0,1665115912237006,REALTIME
trade,KRW-BTC,1665115912360,2022-10-07,04:11:52,1665115912237,28418000,0.00017653,ASK,28418000.0,EVEN,0.0,1665115912237007,REALTIME
trade,KRW-BTC,1665115912360,2022-10-07,04:11:52,1665115912237,28418000,0.00035188,ASK,28418000.0,EVEN,0.0,1665115912237008,REALTIME
trade,KRW-BTC,1665115912360,2022-10-07,04:11:52,1665115912237,28418000,0.00035188,ASK,28418000.0,EVEN,0.0,1665115912237009,REALTIME
trade,KRW-BTC,1665115912360,2022-10-07,04:11:52,1665115912237,28418000,0.00035188,ASK,28418000.0,EVEN,0.0,1665115912237010,REALTIME
trade,KRW-BTC,1665115912360,2022-10-07,04:11:52,1665115912237,28418000,0.07037792,ASK,28418000.0,EVEN,0.0,1665115912237011,REALTIME
trade,KRW-BTC,1665115912360,2022-10-07,04:11:52,1665115912237,28418000,0.00439862,ASK,28418000.0,EVEN,0.0,1665115912237012,REALTIME
trade,KRW-BTC,1665115912360,2022-10-07,04:11:52,1665115912237,28418000,0.0385524,ASK,28418000.0,EVEN,0.0,1665115912237013,REALTIME
trade,KRW-BTC,1665115912360,2022-10-07,04:11:52,1665115912237,28418000,0.00035188,ASK,28418000.0,EVEN,0.0,1665115912237014,REALTIME
trade,KRW-BTC,1665115912362,2022-10-07,04:11:52,1665115912237,28418000,0.00035188,ASK,28418000.0,EVEN,0.0,1665115912237015,REALTIME
trade,KRW-BTC,1665115912907,2022-10-07,04:11:52,1665115912825,28417000,0.00822856,ASK,28418000.0,FALL,1000.0,1665115912825000,REALTIME
trade,KRW-BTC,1665115912911,2022-10-07,04:11:52,1665115912825,28417000,0.0007056,ASK,28418000.0,FALL,1000.0,1665115912825001,REALTIME
trade,KRW-BTC,1665115918679,2022-10-07,04:11:58,1665115918637,28418000,0.0263707,BID,28418000.0,EVEN,0.0,1665115918637000,REALTIME
trade,KRW-BTC,1665115918959,2022-10-07,04:11:58,1665115918912,28418000,0.00281575,ASK,28418000.0,EVEN,0.0,1665115918912000,REALTIME
trade,KRW-BTC,1665115927531,2022-10-07,04:12:07,1665115927486,28418000,0.01407559,ASK,28418000.0,EVEN,0.0,1665115927486000,REALTIME
trade,KRW-BTC,1665115927592,2022-10-07,04:12:07,1665115927549,28436000,0.00351666,BID,28418000.0,RISE,18000.0,1665115927549000,REALTIME
trade,KRW-BTC,1665115928678,2022-10-07,04:12:08,1665115928628,28436000,0.00070333,BID,28418000.0,RISE,18000.0,1665115928628000,REALTIME
trade,KRW-BTC,1665115935796,2022-10-07,04:12:15,1665115935751,28418000,0.00138423,ASK,28418000.0,EVEN,0.0,1665115935751000,REALTIME
trade,KRW-BTC,1665115938339,2022-10-07,04:12:18,1665115938268,28418000,0.00692364,ASK,28418000.0,EVEN,0.0,1665115938268000,REALTIME
trade,KRW-BTC,1665115944662,2022-10-07,04:12:24,1665115944617,28418000,0.00096412,ASK,28418000.0,EVEN,0.0,1665115944617000,REALTIME
trade,KRW-BTC,1665115954907,2022-10-07,04:12:34,1665115954847,28419000,0.0014,ASK,28418000.0,RISE,1000.0,1665115954847000,REALTIME
trade,KRW-BTC,1665115954908,2022-10-07,04:12:34,1665115954847,28418000,0.00846959,ASK,28418000.0,EVEN,0.0,1665115954847001,REALTIME
trade,KRW-BTC,1665115958127,2022-10-07,04:12:38,1665115958077,28418000,0.00774967,ASK,28418000.0,EVEN,0.0,1665115958077000,REALTIME
trade,KRW-BTC,1665115964701,2022-10-07,04:12:44,1665115964633,28419000,0.00070377,BID,28418000.0,RISE,1000.0,1665115964633000,REALTIME
trade,KRW-BTC,1665115970641,2022-10-07,04:12:50,1665115970586,28418000,0.08358682,ASK,28418000.0,EVEN,0.0,1665115970586000,REALTIME
trade,KRW-BTC,1665115984005,2022-10-07,04:13:03,1665115983919,28418000,0.03043365,ASK,28418000.0,EVEN,0.0,1665115983919000,REALTIME
trade,KRW-BTC,1665115984006,2022-10-07,04:13:03,1665115983919,28418000,0.15834476,ASK,28418000.0,EVEN,0.0,1665115983919001,REALTIME
trade,KRW-BTC,1665115984006,2022-10-07,04:13:03,1665115983919,28418000,0.00175944,ASK,28418000.0,EVEN,0.0,1665115983919002,REALTIME
trade,KRW-BTC,1665115984006,2022-10-07,04:13:03,1665115983919,28418000,0.01406855,ASK,28418000.0,EVEN,0.0,1665115983919003,REALTIME
trade,KRW-BTC,1665115984007,2022-10-07,04:13:03,1665115983919,28418000,0.02814225,ASK,28418000.0,EVEN,0.0,1665115983919004,REALTIME
trade,KRW-BTC,1665115984007,2022-10-07,04:13:03,1665115983919,28418000,0.03513307,ASK,28418000.0,EVEN,0.0,1665115983919005,REALTIME
trade,KRW-BTC,1665115984007,2022-10-07,04:13:03,1665115983919,28418000,0.01248854,ASK,28418000.0,EVEN,0.0,1665115983919006,REALTIME
trade,KRW-BTC,1665115984007,2022-10-07,04:13:03,1665115983919,28418000,0.00351713,ASK,28418000.0,EVEN,0.0,1665115983919007,REALTIME
trade,KRW-BTC,1665115984007,2022-10-07,04:13:03,1665115983919,28418000,0.01695826,ASK,28418000.0,EVEN,0.0,1665115983919008,REALTIME
trade,KRW-BTC,1665115985778,2022-10-07,04:13:05,1665115985717,28418000,0.0281371,BID,28418000.0,EVEN,0.0,1665115985717000,REALTIME
trade,KRW-BTC,1665115985945,2022-10-07,04:13:05,1665115985893,28418000,0.008,BID,28418000.0,EVEN,0.0,1665115985893000,REALTIME
trade,KRW-BTC,1665115989517,2022-10-07,04:13:09,1665115989422,28417000,0.00351902,ASK,28418000.0,FALL,1000.0,1665115989422000,REALTIME
trade,KRW-BTC,1665115989518,2022-10-07,04:13:09,1665115989422,28417000,0.00177868,ASK,28418000.0,FALL,1000.0,1665115989422001,REALTIME
trade,KRW-BTC,1665115989518,2022-10-07,04:13:09,1665115989422,28417000,0.00703779,ASK,28418000.0,FALL,1000.0,1665115989422002,REALTIME
trade,KRW-BTC,1665115989518,2022-10-07,04:13:09,1665115989422,28417000,0.00135945,ASK,28418000.0,FALL,1000.0,1665115989422003,REALTIME
trade,KRW-BTC,1665115989518,2022-10-07,04:13:09,1665115989422,28417000,0.00329852,ASK,28418000.0,FALL,1000.0,1665115989422004,REALTIME
trade,KRW-BTC,1665115989518,2022-10-07,04:13:09,1665115989422,28417000,0.00211035,ASK,28418000.0,FALL,1000.0,1665115989422005,REALTIME
trade,KRW-BTC,1665115989518,2022-10-07,04:13:09,1665115989422,28417000,0.00393339,ASK,28418000.0,FALL,1000.0,1665115989422006,REALTIME
trade,KRW-BTC,1665115989523,2022-10-07,04:13:09,1665115989422,28417000,0.01,ASK,28418000.0,FALL,1000.0,1665115989422007,REALTIME
trade,KRW-BTC,1665115991009,2022-10-07,04:13:10,1665115990962,28417000,0.05075095,ASK,28418000.0,FALL,1000.0,1665115990962000,REALTIME
trade,KRW-BTC,1665115991819,2022-10-07,04:13:11,1665115991769,28418000,0.05086484,BID,28418000.0,EVEN,0.0,1665115991769000,REALTIME
trade,KRW-BTC,1665115992265,2022-10-07,04:13:12,1665115992194,28417000,0.05093661,ASK,28418000.0,FALL,1000.0,1665115992194000,REALTIME
trade,KRW-BTC,1665115997965,2022-10-07,04:13:17,1665115997904,28418000,0.0009,BID,28418000.0,EVEN,0.0,1665115997904000,REALTIME
trade,KRW-BTC,1665116005976,2022-10-07,04:13:25,1665116005932,28417000,0.43988919,ASK,28418000.0,FALL,1000.0,1665116005932000,REALTIME
trade,KRW-BTC,1665116014999,2022-10-07,04:13:34,1665116014929,28417000,0.10433466,ASK,28418000.0,FALL,1000.0,1665116014929000,REALTIME
trade,KRW-BTC,1665116022423,2022-10-07,04:13:42,1665116022372,28418000,0.00349071,BID,28418000.0,EVEN,0.0,1665116022372000,REALTIME
trade,KRW-BTC,1665116022648,2022-10-07,04:13:42,1665116022595,28417000,0.01791925,ASK,28418000.0,FALL,1000.0,1665116022595000,REALTIME
trade,KRW-BTC,1665116024619,2022-10-07,04:13:44,1665116024556,28417000,0.00175951,ASK,28418000.0,FALL,1000.0,1665116024556000,REALTIME
trade,KRW-BTC,1665116024620,2022-10-07,04:13:44,1665116024556,28417000,0.26706149,ASK,28418000.0,FALL,1000.0,1665116024556001,REALTIME
trade,KRW-BTC,1665116024620,2022-10-07,04:13:44,1665116024556,28417000,0.0010557,ASK,28418000.0,FALL,1000.0,1665116024556002,REALTIME
trade,KRW-BTC,1665116025573,2022-10-07,04:13:45,1665116025506,28417000,0.009,BID,28418000.0,FALL,1000.0,1665116025506000,REALTIME
trade,KRW-BTC,1665116030626,2022-10-07,04:13:50,1665116030576,28417000,0.08793154,BID,28418000.0,FALL,1000.0,1665116030576000,REALTIME
trade,KRW-BTC,1665116032772,2022-10-07,04:13:52,1665116032695,28417000,0.0035174,BID,28418000.0,FALL,1000.0,1665116032695000,REALTIME
trade,KRW-BTC,1665116033514,2022-10-07,04:13:53,1665116033465,28417000,0.0005,BID,28418000.0,FALL,1000.0,1665116033465000,REALTIME
trade,KRW-BTC,1665116034100,2022-10-07,04:13:54,1665116034056,28417000,0.0007038,BID,28418000.0,FALL,1000.0,1665116034056000,REALTIME
trade,KRW-BTC,1665116036621,2022-10-07,04:13:56,1665116036573,28417000,0.0007038,BID,28418000.0,FALL,1000.0,1665116036573000,REALTIME
trade,KRW-BTC,1665116040884,2022-10-07,04:14:00,1665116040830,28417000,0.0003519,BID,28418000.0,FALL,1000.0,1665116040830000,REALTIME
trade,KRW-BTC,1665116040972,2022-10-07,04:14:00,1665116040901,28417000,0.0009,BID,28418000.0,FALL,1000.0,1665116040901000,REALTIME
trade,KRW-BTC,1665116041054,2022-10-07,04:14:00,1665116040986,28417000,0.0010557,BID,28418000.0,FALL,1000.0,1665116040986000,REALTIME
trade,KRW-BTC,1665116041346,2022-10-07,04:14:01,1665116041299,28417000,0.00062286,BID,28418000.0,FALL,1000.0,1665116041299000,REALTIME
trade,KRW-BTC,1665116044572,2022-10-07,04:14:04,1665116044502,28417000,0.01913355,BID,28418000.0,FALL,1000.0,1665116044502000,REALTIME
trade,KRW-BTC,1665116044573,2022-10-07,04:14:04,1665116044502,28417000,0.06455252,BID,28418000.0,FALL,1000.0,1665116044502001,REALTIME
trade,KRW-BTC,1665116044574,2022-10-07,04:14:04,1665116044502,28418000,0.07213361,BID,28418000.0,EVEN,0.0,1665116044502002,REALTIME
trade,KRW-BTC,1665116054736,2022-10-07,04:14:14,1665116054688,28417000,0.01275669,BID,28418000.0,FALL,1000.0,1665116054688000,REALTIME
trade,KRW-BTC,1665116054836,2022-10-07,04:14:14,1665116054772,28416000,0.01157756,ASK,28418000.0,FALL,2000.0,1665116054772000,REALTIME
trade,KRW-BTC,1665116055520,2022-10-07,04:14:15,1665116055450,28417000,0.01759448,BID,28418000.0,FALL,1000.0,1665116055450000,REALTIME
trade,KRW-BTC,1665116055953,2022-10-07,04:14:15,1665116055912,28417000,0.0035155,BID,28418000.0,FALL,1000.0,1665116055912000,REALTIME
trade,KRW-BTC,1665116059095,2022-10-07,04:14:19,1665116059043,28417000,0.00092528,BID,28418000.0,FALL,1000.0,1665116059043000,REALTIME
trade,KRW-BTC,1665116060059,2022-10-07,04:14:20,1665116060013,28418000,0.19,BID,28418000.0,EVEN,0.0,1665116060013000,REALTIME
trade,KRW-BTC,1665116060844,2022-10-07,04:14:20,1665116060788,28418000,0.01238217,BID,28418000.0,EVEN,0.0,1665116060788000,REALTIME
trade,KRW-BTC,1665116061209,2022-10-07,04:14:21,1665116061141,28417000,0.00316491,ASK,28418000.0,FALL,1000.0,1665116061141000,REALTIME
trade,KRW-BTC,1665116061210,2022-10-07,04:14:21,1665116061141,28417000,2.31e-06,ASK,28418000.0,FALL,1000.0,1665116061141001,REALTIME
trade,KRW-BTC,1665116061762,2022-10-07,04:14:21,1665116061693,28418000,0.01238217,BID,28418000.0,EVEN,0.0,1665116061693000,REALTIME
trade,KRW-BTC,1665116062880,2022-10-07,04:14:22,1665116062834,28418000,0.12030871,BID,28418000.0,EVEN,0.0,1665116062834000,REALTIME
trade,KRW-BTC,1665116065521,2022-10-07,04:14:25,1665116065474,28418000,0.00080002,BID,28418000.0,EVEN,0.0,1665116065474000,REALTIME
trade,KRW-BTC,1665116066162,2022-10-07,04:14:26,1665116066093,28418000,0.00092759,BID,28418000.0,EVEN,0.0,1665116066093000,REALTIME
trade,KRW-BTC,1665116067269,2022-10-07,04:14:27,1665116067149,28415000,0.00070565,ASK,28418000.0,FALL,3000.0,1665116067149000,REALTIME
trade,KRW-BTC,1665116067271,2022-10-07,04:14:27,1665116067149,28415000,0.00035192,ASK,28418000.0,FALL,3000.0,1665116067149001,REALTIME
trade,KRW-BTC,1665116067271,2022-10-07,04:14:27,1665116067149,28415000,0.001,ASK,28418000.0,FALL,3000.0,1665116067149002,REALTIME
trade,KRW-BTC,1665116067271,2022-10-07,04:14:27,1665116067149,28414000,0.00105581,ASK,28418000.0,FALL,4000.0,1665116067149003,REALTIME
trade,KRW-BTC,1665116067271,2022-10-07,04:14:27,1665116067149,28414000,0.00070567,ASK,28418000.0,FALL,4000.0,1665116067149004,REALTIME
trade,KRW-BTC,1665116067271,2022-10-07,04:14:27,1665116067149,28415000,0.07038535,ASK,28418000.0,FALL,3000.0,1665116067149005,REALTIME
trade,KRW-BTC,1665116067271,2022-10-07,04:14:27,1665116067149,28414000,0.00035193,ASK,28418000.0,FALL,4000.0,1665116067149006,REALTIME
trade,KRW-BTC,1665116067271,2022-10-07,04:14:27,1665116067149,28412000,0.00070572,ASK,28418000.0,FALL,6000.0,1665116067149007,REALTIME
trade,KRW-BTC,1665116067271,2022-10-07,04:14:27,1665116067149,28416000,0.0059602,ASK,28418000.0,FALL,2000.0,1665116067149008,REALTIME
trade,KRW-BTC,1665116067271,2022-10-07,04:14:27,1665116067149,28415000,0.07034302,ASK,28418000.0,FALL,3000.0,1665116067149009,REALTIME
trade,KRW-BTC,1665116067271,2022-10-07,04:14:27,1665116067149,28416000,0.00096239,ASK,28418000.0,FALL,2000.0,1665116067149010,REALTIME
trade,KRW-BTC,1665116067271,2022-10-07,04:14:27,1665116067149,28412000,0.00283152,ASK,28418000.0,FALL,6000.0,1665116067149011,REALTIME
trade,KRW-BTC,1665116067271,2022-10-07,04:14:27,1665116067149,28416000,0.00541844,ASK,28418000.0,FALL,2000.0,1665116067149012,REALTIME
trade,KRW-BTC,1665116072695,2022-10-07,04:14:32,1665116072634,28418000,0.00070382,BID,28418000.0,EVEN,0.0,1665116072634000,REALTIME
trade,KRW-BTC,1665116072965,2022-10-07,04:14:32,1665116072921,28418000,0.00492399,BID,28418000.0,EVEN,0.0,1665116072921000,REALTIME
trade,KRW-BTC,1665116077326,2022-10-07,04:14:37,1665116077277,28418000,0.12346928,BID,28418000.0,EVEN,0.0,1665116077277000,REALTIME
trade,KRW-BTC,1665116077401,2022-10-07,04:14:37,1665116077355,28418000,0.01238217,BID,28418000.0,EVEN,0.0,1665116077355000,REALTIME
trade,KRW-BTC,1665116078620,2022-10-07,04:14:38,1665116078553,28418000,0.03170544,BID,28418000.0,EVEN,0.0,1665116078553000,REALTIME
trade,KRW-BTC,1665116079085,2022-10-07,04:14:39,1665116079037,28418000,0.12346928,BID,28418000.0,EVEN,0.0,1665116079037000,REALTIME
trade,KRW-BTC,1665116083919,2022-10-07,04:14:43,1665116083852,28412000,0.00596318,ASK,28418000.0,FALL,6000.0,1665116083852000,REALTIME
trade,KRW-BTC,1665116083920,2022-10-07,04:14:43,1665116083852,28412000,0.00020157,ASK,28418000.0,FALL,6000.0,1665116083852001,REALTIME
trade,KRW-BTC,1665116083920,2022-10-07,04:14:43,1665116083852,28412000,0.00991301,ASK,28418000.0,FALL,6000.0,1665116083852002,REALTIME
trade,KRW-BTC,1665116089358,2022-10-07,04:14:49,1665116089281,28418000,0.19500957,BID,28418000.0,EVEN,0.0,1665116089281000,REALTIME
trade,KRW-BTC,1665116092797,2022-10-07,04:14:52,1665116092717,28418000,0.03517137,BID,28418000.0,EVEN,0.0,1665116092717000,REALTIME
trade,KRW-BTC,1665116094007,2022-10-07,04:14:53,1665116093951,28417000,0.00603379,ASK,28418000.0,FALL,1000.0,1665116093951000,REALTIME
trade,KRW-BTC,1665116101345,2022-10-07,04:15:01,1665116101286,28417000,0.02810292,ASK,28418000.0,FALL,1000.0,1665116101286000,REALTIME
trade,KRW-BTC,1665116101346,2022-10-07,04:15:01,1665116101286,28417000,0.10603989,ASK,28418000.0,FALL,1000.0,1665116101286001,REALTIME
trade,KRW-BTC,1665116101346,2022-10-07,04:15:01,1665116101286,28417000,0.01055706,ASK,28418000.0,FALL,1000.0,1665116101286002,REALTIME
trade,KRW-BTC,1665116102672,2022-10-07,04:15:02,1665116102596,28417000,0.00464995,ASK,28418000.0,FALL,1000.0,1665116102596000,REALTIME
trade,KRW-BTC,1665116104622,2022-10-07,04:15:04,1665116104556,28418000,0.06447591,BID,28418000.0,EVEN,0.0,1665116104556000,REALTIME
trade,KRW-BTC,1665116104624,2022-10-07,04:15:04,1665116104556,28418000,0.05252532,BID,28418000.0,EVEN,0.0,1665116104556001,REALTIME
trade,KRW-BTC,1665116104624,2022-10-07,04:15:04,1665116104556,28418000,0.06404599,BID,28418000.0,EVEN,0.0,1665116104556002,REALTIME
trade,KRW-BTC,1665116108666,2022-10-07,04:15:08,1665116108621,28418000,0.00070377,BID,28418000.0,EVEN,0.0,1665116108621000,REALTIME
trade,KRW-BTC,1665116112800,2022-10-07,04:15:12,1665116112751,28417000,0.10949589,ASK,28418000.0,FALL,1000.0,1665116112751000,REALTIME
trade,KRW-BTC,1665116118359,2022-10-07,04:15:18,1665116118308,28418000,0.0129,BID,28418000.0,EVEN,0.0,1665116118308000,REALTIME
trade,KRW-BTC,1665116123822,2022-10-07,04:15:23,1665116123774,28418000,0.00740216,BID,28418000.0,EVEN,0.0,1665116123774000,REALTIME
trade,KRW-BTC,1665116124471,2022-10-07,04:15:24,1665116124425,28418000,0.8,BID,28418000.0,EVEN,0.0,1665116124425000,REALTIME
trade,KRW-BTC,1665116124613,2022-10-07,04:15:24,1665116124547,28417000,0.0016,ASK,28418000.0,FALL,1000.0,1665116124547000,REALTIME
trade,KRW-BTC,1665116125880,2022-10-07,04:15:25,1665116125833,28418000,0.00892276,BID,28418000.0,EVEN,0.0,1665116125833000,REALTIME
trade,KRW-BTC,1665116129908,2022-10-07,04:15:29,1665116129858,28417000,0.02377379,ASK,28418000.0,FALL,1000.0,1665116129858000,REALTIME
trade,KRW-BTC,1665116130448,2022-10-07,04:15:30,1665116130392,28418000,0.00175856,BID,28418000.0,EVEN,0.0,1665116130392000,REALTIME
trade,KRW-BTC,1665116131325,2022-10-07,04:15:31,1665116131282,28418000,0.03518896,BID,28418000.0,EVEN,0.0,1665116131282000,REALTIME
trade,KRW-BTC,1665116136733,2022-10-07,04:15:36,1665116136687,28418000,0.006,BID,28418000.0,EVEN,0.0,1665116136687000,REALTIME
trade,KRW-BTC,1665116138965,2022-10-07,04:15:38,1665116138913,28417000,0.0008,ASK,28418000.0,FALL,1000.0,1665116138913000,REALTIME
trade,KRW-BTC,1665116140360,2022-10-07,04:15:40,1665116140308,28418000,0.14048515,BID,28418000.0,EVEN,0.0,1665116140308000,REALTIME
trade,KRW-BTC,1665116140421,2022-10-07,04:15:40,1665116140377,28418000,0.10390295,BID,28418000.0,EVEN,0.0,1665116140377000,REALTIME
trade,KRW-BTC,1665116141097,2022-10-07,04:15:41,1665116141053,28417000,0.0052072,ASK,28418000.0,FALL,1000.0,1665116141053000,REALTIME
trade,KRW-BTC,1665116141224,2022-10-07,04:15:41,1665116141155,28418000,0.0124,BID,28418000.0,EVEN,0.0,1665116141155000,REALTIME
trade,KRW-BTC,1665116143140,2022-10-07,04:15:43,1665116143067,28418000,0.0229,BID,28418000.0,EVEN,0.0,1665116143067000,REALTIME
trade,KRW-BTC,1665116143423,2022-10-07,04:15:43,1665116143376,28418000,0.0153,BID,28418000.0,EVEN,0.0,1665116143376000,REALTIME
trade,KRW-BTC,1665116150344,2022-10-07,04:15:50,1665116150275,28417000,0.00092822,ASK,28418000.0,FALL,1000.0,1665116150275000,REALTIME
trade,KRW-BTC,1665116154948,2022-10-07,04:15:54,1665116154858,28418000,0.03029476,BID,28418000.0,EVEN,0.0,1665116154858000,REALTIME
trade,KRW-BTC,1665116154949,2022-10-07,04:15:54,1665116154858,28418000,0.02132476,BID,28418000.0,EVEN,0.0,1665116154858001,REALTIME
trade,KRW-BTC,1665116154949,2022-10-07,04:15:54,1665116154858,28418000,0.01024268,BID,28418000.0,EVEN,0.0,1665116154858002,REALTIME
trade,KRW-BTC,1665116157322,2022-10-07,04:15:57,1665116157256,28417000,0.18838923,ASK,28418000.0,FALL,1000.0,1665116157256000,REALTIME
trade,KRW-BTC,1665116162717,2022-10-07,04:16:02,1665116162631,28418000,0.00400208,BID,28418000.0,EVEN,0.0,1665116162631000,REALTIME
trade,KRW-BTC,1665116162718,2022-10-07,04:16:02,1665116162631,28418000,0.01367561,BID,28418000.0,EVEN,0.0,1665116162631001,REALTIME
trade,KRW-BTC,1665116162718,2022-10-07,04:16:02,1665116162631,28418000,0.04382412,BID,28418000.0,EVEN,0.0,1665116162631002,REALTIME
trade,KRW-BTC,1665116162718,2022-10-07,04:16:02,1665116162631,28418000,0.01376132,BID,28418000.0,EVEN,0.0,1665116162631003,REALTIME
trade,KRW-BTC,1665116162719,2022-10-07,04:16:02,1665116162631,28418000,0.01579225,BID,28418000.0,EVEN,0.0,1665116162631004,REALTIME
trade,KRW-BTC,1665116162719,2022-10-07,04:16:02,1665116162631,28418000,0.00489421,BID,28418000.0,EVEN,0.0,1665116162631005,REALTIME
trade,KRW-BTC,1665116163438,2022-10-07,04:16:03,1665116163392,28418000,0.0563,BID,28418000.0,EVEN,0.0,1665116163392000,REALTIME
trade,KRW-BTC,1665116166422,2022-10-07,04:16:06,1665116166354,28418000,0.0697,BID,28418000.0,EVEN,0.0,1665116166354000,REALTIME
trade,KRW-BTC,1665116166886,2022-10-07,04:16:06,1665116166842,28418000,0.09817721,BID,28418000.0,EVEN,0.0,1665116166842000,REALTIME
trade,KRW-BTC,1665116168882,2022-10-07,04:16:08,1665116168835,28418000,0.0125,BID,28418000.0,EVEN,0.0,1665116168835000,REALTIME
trade,KRW-BTC,1665116169549,2022-10-07,04:16:09,1665116169500,28417000,0.10317906,ASK,28418000.0,FALL,1000.0,1665116169500000,REALTIME
trade,KRW-BTC,1665116170623,2022-10-07,04:16:10,1665116170554,28417000,0.10551785,ASK,28418000.0,FALL,1000.0,1665116170554000,REALTIME
trade,KRW-BTC,1665116170624,2022-10-07,04:16:10,1665116170554,28417000,0.008,ASK,28418000.0,FALL,1000.0,1665116170554001,REALTIME
trade,KRW-BTC,1665116170624,2022-10-07,04:16:10,1665116170554,28417000,0.05435998,ASK,28418000.0,FALL,1000.0,1665116170554002,REALTIME
trade,KRW-BTC,1665116170624,2022-10-07,04:16:10,1665116170554,28417000,0.14081824,ASK,28418000.0,FALL,1000.0,1665116170554003,REALTIME
trade,KRW-BTC,1665116170624,2022-10-07,04:16:10,1665116170554,28417000,0.00248325,ASK,28418000.0,FALL,1000.0,1665116170554004,REALTIME
trade,KRW-BTC,1665116170911,2022-10-07,04:16:10,1665116170838,28418000,0.0091,BID,28418000.0,EVEN,0.0,1665116170838000,REALTIME
trade,KRW-BTC,1665116171663,2022-10-07,04:16:11,1665116171596,28417000,0.1332237,ASK,28418000.0,FALL,1000.0,1665116171596000,REALTIME
trade,KRW-BTC,1665116180641,2022-10-07,04:16:20,1665116180596,28417000,0.0007038,BID,28418000.0,FALL,1000.0,1665116180596000,REALTIME
trade,KRW-BTC,1665116185621,2022-10-07,04:16:25,1665116185570,28417000,0.0003519,BID,28418000.0,FALL,1000.0,1665116185570000,REALTIME
trade,KRW-BTC,1665116187193,2022-10-07,04:16:27,1665116187129,28417000,0.0064,BID,28418000.0,FALL,1000.0,1665116187129000,REALTIME
trade,KRW-BTC,1665116187813,2022-10-07,04:16:27,1665116187753,28415000,0.00401506,ASK,28418000.0,FALL,3000.0,1665116187753000,REALTIME
trade,KRW-BTC,1665116187814,2022-10-07,04:16:27,1665116187753,28415000,0.00351578,ASK,28418000.0,FALL,3000.0,1665116187753001,REALTIME
trade,KRW-BTC,1665116189803,2022-10-07,04:16:29,1665116189746,28417000,0.00844142,BID,28418000.0,FALL,1000.0,1665116189746000,REALTIME
trade,KRW-BTC,1665116198398,2022-10-07,04:16:38,1665116198320,28412000,0.39190439,ASK,28418000.0,FALL,6000.0,1665116198320000,REALTIME
trade,KRW-BTC,1665116198400,2022-10-07,04:16:38,1665116198320,28412000,0.0002,ASK,28418000.0,FALL,6000.0,1665116198320001,REALTIME
trade,KRW-BTC,1665116198400,2022-10-07,04:16:38,1665116198320,28412000,0.00350029,ASK,28418000.0,FALL,6000.0,1665116198320002,REALTIME
trade,KRW-BTC,1665116198400,2022-10-07,04:16:38,1665116198320,28412000,0.01036838,ASK,28418000.0,FALL,6000.0,1665116198320003,REALTIME
trade,KRW-BTC,1665116198400,2022-10-07,04:16:38,1665116198320,28412000,0.0351964,ASK,28418000.0,FALL,6000.0,1665116198320004,REALTIME
trade,KRW-BTC,1665116198400,2022-10-07,04:16:38,1665116198320,28412000,0.00351969,ASK,28418000.0,FALL,6000.0,1665116198320005,REALTIME
trade,KRW-BTC,1665116198403,2022-10-07,04:16:38,1665116198320,28412000,0.00832035,ASK,28418000.0,FALL,6000.0,1665116198320006,REALTIME
trade,KRW-BTC,1665116201259,2022-10-07,04:16:41,1665116201213,28411000,0.00406378,ASK,28418000.0,FALL,7000.0,1665116201213000,REALTIME
trade,KRW-BTC,1665116202205,2022-10-07,04:16:42,1665116202160,28412000,0.00080001,BID,28418000.0,FALL,6000.0,1665116202160000,REALTIME
trade,KRW-BTC,1665116205727,2022-10-07,04:16:45,1665116205685,28412000,0.04504266,BID,28418000.0,FALL,6000.0,1665116205685000,REALTIME
trade,KRW-BTC,1665116206296,2022-10-07,04:16:46,1665116206228,28412000,0.01,BID,28418000.0,FALL,6000.0,1665116206228000,REALTIME
trade,KRW-BTC,1665116208057,2022-10-07,04:16:47,1665116207847,28411000,0.00593622,ASK,28418000.0,FALL,7000.0,1665116207847000,REALTIME
trade,KRW-BTC,1665116208059,2022-10-07,04:16:47,1665116207847,28411000,0.00070575,ASK,28418000.0,FALL,7000.0,1665116207847001,REALTIME
trade,KRW-BTC,1665116208059,2022-10-07,04:16:47,1665116207847,28409000,0.00021202,ASK,28418000.0,FALL,9000.0,1665116207847002,REALTIME
trade,KRW-BTC,1665116208059,2022-10-07,04:16:47,1665116207847,28408000,0.01024283,ASK,28418000.0,FALL,10000.0,1665116207847003,REALTIME
trade,KRW-BTC,1665116208059,2022-10-07,04:16:47,1665116207847,28409000,0.00088,ASK,28418000.0,FALL,9000.0,1665116207847004,REALTIME
trade,KRW-BTC,1665116208059,2022-10-07,04:16:47,1665116207847,28408000,0.14539105,ASK,28418000.0,FALL,10000.0,1665116207847005,REALTIME
trade,KRW-BTC,1665116208060,2022-10-07,04:16:47,1665116207847,28411000,0.00070395,ASK,28418000.0,FALL,7000.0,1665116207847006,REALTIME
trade,KRW-BTC,1665116208060,2022-10-07,04:16:47,1665116207847,28410000,0.00023231,ASK,28418000.0,FALL,8000.0,1665116207847007,REALTIME
trade,KRW-BTC,1665116208060,2022-10-07,04:16:47,1665116207847,28409000,0.0007058,ASK,28418000.0,FALL,9000.0,1665116207847008,REALTIME
trade,KRW-BTC,1665116208060,2022-10-07,04:16:47,1665116207847,28411000,0.13790852,ASK,28418000.0,FALL,7000.0,1665116207847009,REALTIME
trade,KRW-BTC,1665116208060,2022-10-07,04:16:47,1665116207847,28410000,0.13619297,ASK,28418000.0,FALL,8000.0,1665116207847010,REALTIME
trade,KRW-BTC,1665116208060,2022-10-07,04:16:47,1665116207847,28408000,0.00020566,ASK,28418000.0,FALL,10000.0,1665116207847011,REALTIME
trade,KRW-BTC,1665116208060,2022-10-07,04:16:47,1665116207847,28410000,0.00384835,ASK,28418000.0,FALL,8000.0,1665116207847012,REALTIME
trade,KRW-BTC,1665116208060,2022-10-07,04:16:47,1665116207847,28408000,0.00070582,ASK,28418000.0,FALL,10000.0,1665116207847013,REALTIME
trade,KRW-BTC,1665116208060,2022-10-07,04:16:47,1665116207847,28409000,0.11048351,ASK,28418000.0,FALL,9000.0,1665116207847014,REALTIME
trade,KRW-BTC,1665116208060,2022-10-07,04:16:47,1665116207847,28410000,0.00442239,ASK,28418000.0,FALL,8000.0,1665116207847015,REALTIME
trade,KRW-BTC,1665116208060,2022-10-07,04:16:47,1665116207847,28410000,0.00052747,ASK,28418000.0,FALL,8000.0,1665116207847016,REALTIME
trade,KRW-BTC,1665116208060,2022-10-07,04:16:47,1665116207847,28408000,0.00176007,ASK,28418000.0,FALL,10000.0,1665116207847017,REALTIME
trade,KRW-BTC,1665116208060,2022-10-07,04:16:47,1665116207847,28408000,0.00038721,ASK,28418000.0,FALL,10000.0,1665116207847018,REALTIME
trade,KRW-BTC,1665116208060,2022-10-07,04:16:47,1665116207847,28408000,0.00099345,ASK,28418000.0,FALL,10000.0,1665116207847019,REALTIME
trade,KRW-BTC,1665116208060,2022-10-07,04:16:47,1665116207847,28410000,0.08479202,ASK,28418000.0,FALL,8000.0,1665116207847020,REALTIME
trade,KRW-BTC,1665116208060,2022-10-07,04:16:47,1665116207847,28409000,0.0972156,ASK,28418000.0,FALL,9000.0,1665116207847021,REALTIME
trade,KRW-BTC,1665116208060,2022-10-07,04:16:47,1665116207847,28408000,0.0002112,ASK,28418000.0,FALL,10000.0,1665116207847022,REALTIME
trade,KRW-BTC,1665116208060,2022-10-07,04:16:47,1665116207847,28408000,0.00437698,ASK,28418000.0,FALL,10000.0,1665116207847023,REALTIME
trade,KRW-BTC,1665116208060,2022-10-07,04:16:47,1665116207847,28408000,0.00352013,ASK,28418000.0,FALL,10000.0,1665116207847024,REALTIME
trade,KRW-BTC,1665116208060,2022-10-07,04:16:47,1665116207847,28409000,0.000352,ASK,28418000.0,FALL,9000.0,1665116207847025,REALTIME
trade,KRW-BTC,1665116208275,2022-10-07,04:16:48,1665116208213,28412000,0.0242,BID,28418000.0,FALL,6000.0,1665116208213000,REALTIME
trade,KRW-BTC,1665116209899,2022-10-07,04:16:49,1665116209831,28412000,0.01418,BID,28418000.0,FALL,6000.0,1665116209831000,REALTIME
trade,KRW-BTC,1665116210252,2022-10-07,04:16:50,1665116210211,28412000,0.0557,BID,28418000.0,FALL,6000.0,1665116210211000,REALTIME
trade,KRW-BTC,1665116212243,2022-10-07,04:16:52,1665116212193,28412000,0.1322,BID,28418000.0,FALL,6000.0,1665116212193000,REALTIME
trade,KRW-BTC,1665116212951,2022-10-07,04:16:52,1665116212904,28412000,0.00522,BID,28418000.0,FALL,6000.0,1665116212904000,REALTIME
trade,KRW-BTC,1665116214797,2022-10-07,04:16:54,1665116214726,28411000,0.00140723,ASK,28418000.0,FALL,7000.0,1665116214726000,REALTIME
trade,KRW-BTC,1665116214798,2022-10-07,04:16:54,1665116214726,28411000,0.03378917,ASK,28418000.0,FALL,7000.0,1665116214726001,REALTIME
trade,KRW-BTC,1665116215313,2022-10-07,04:16:55,1665116215244,28411000,0.04564703,ASK,28418000.0,FALL,7000.0,1665116215244000,REALTIME
trade,KRW-BTC,1665116215953,2022-10-07,04:16:55,1665116215881,28412000,0.035,BID,28418000.0,FALL,6000.0,1665116215881000,REALTIME
trade,KRW-BTC,1665116216668,2022-10-07,04:16:56,1665116216601,28412000,0.00070392,BID,28418000.0,FALL,6000.0,1665116216601000,REALTIME
trade,KRW-BTC,1665116218858,2022-10-07,04:16:58,1665116218816,28412000,0.04645298,BID,28418000.0,FALL,6000.0,1665116218816000,REALTIME
trade,KRW-BTC,1665116219110,2022-10-07,04:16:59,1665116219040,28412000,0.00594134,BID,28418000.0,FALL,6000.0,1665116219040000,REALTIME
trade,KRW-BTC,1665116219847,2022-10-07,04:16:59,1665116219794,28412000,0.00080001,BID,28418000.0,FALL,6000.0,1665116219794000,REALTIME
trade,KRW-BTC,1665116219919,2022-10-07,04:16:59,1665116219874,28412000,0.0047,BID,28418000.0,FALL,6000.0,1665116219874000,REALTIME
trade,KRW-BTC,1665116220530,2022-10-07,04:17:00,1665116220481,28412000,0.00307968,BID,28418000.0,FALL,6000.0,1665116220481000,REALTIME
trade,KRW-BTC,1665116221697,2022-10-07,04:17:01,1665116221648,28411000,0.003,ASK,28418000.0,FALL,7000.0,1665116221648000,REALTIME
trade,KRW-BTC,1665116221751,2022-10-07,04:17:01,1665116221700,28411000,0.00065,ASK,28418000.0,FALL,7000.0,1665116221700000,REALTIME
trade,KRW-BTC,1665116221752,2022-10-07,04:17:01,1665116221700,28411000,0.0019,ASK,28418000.0,FALL,7000.0,1665116221700001,REALTIME
trade,KRW-BTC,1665116221952,2022-10-07,04:17:01,1665116221886,28412000,0.0333,BID,28418000.0,FALL,6000.0,1665116221886000,REALTIME
trade,KRW-BTC,1665116223953,2022-10-07,04:17:03,1665116223884,28412000,0.0086,BID,28418000.0,FALL,6000.0,1665116223884000,REALTIME
trade,KRW-BTC,1665116226314,2022-10-07,04:17:06,1665116226256,28411000,0.0051,BID,28418000.0,FALL,7000.0,1665116226256000,REALTIME
trade,KRW-BTC,1665116228366,2022-10-07,04:17:08,1665116228314,28409000,0.0002,BID,28418000.0,FALL,9000.0,1665116228314000,REALTIME
trade,KRW-BTC,1665116228367,2022-10-07,04:17:08,1665116228314,28411000,0.0121,BID,28418000.0,FALL,7000.0,1665116228314001,REALTIME
trade,KRW-BTC,1665116230382,2022-10-07,04:17:10,1665116230314,28411000,0.00024413,BID,28418000.0,FALL,7000.0,1665116230314000,REALTIME
trade,KRW-BTC,1665116230570,2022-10-07,04:17:10,1665116230519,28411000,0.0039,BID,28418000.0,FALL,7000.0,1665116230519000,REALTIME
trade,KRW-BTC,1665116230920,2022-10-07,04:17:10,1665116230855,28411000,0.02377266,BID,28418000.0,FALL,7000.0,1665116230855000,REALTIME
trade,KRW-BTC,1665116230921,2022-10-07,04:17:10,1665116230855,28412000,0.1210699,BID,28418000.0,FALL,6000.0,1665116230855001,REALTIME
trade,KRW-BTC,1665116230921,2022-10-07,04:17:10,1665116230855,28412000,0.02557897,BID,28418000.0,FALL,6000.0,1665116230855002,REALTIME
trade,KRW-BTC,1665116230921,2022-10-07,04:17:10,1665116230855,28412000,0.18068399,BID,28418000.0,FALL,6000.0,1665116230855003,REALTIME
trade,KRW-BTC,1665116232570,2022-10-07,04:17:12,1665116232523,28412000,0.0124,BID,28418000.0,FALL,6000.0,1665116232523000,REALTIME
trade,KRW-BTC,1665116236569,2022-10-07,04:17:16,1665116236520,28412000,0.0162,BID,28418000.0,FALL,6000.0,1665116236520000,REALTIME
trade,KRW-BTC,1665116237466,2022-10-07,04:17:17,1665116237417,28411000,0.00349381,ASK,28418000.0,FALL,7000.0,1665116237417000,REALTIME
trade,KRW-BTC,1665116237583,2022-10-07,04:17:17,1665116237535,28411000,0.00284915,ASK,28418000.0,FALL,7000.0,1665116237535000,REALTIME
trade,KRW-BTC,1665116238738,2022-10-07,04:17:18,1665116238671,28412000,0.0302,BID,28418000.0,FALL,6000.0,1665116238671000,REALTIME
trade,KRW-BTC,1665116239086,2022-10-07,04:17:19,1665116239040,28411000,0.0013,ASK,28418000.0,FALL,7000.0,1665116239040000,REALTIME
trade,KRW-BTC,1665116240723,2022-10-07,04:17:20,1665116240670,28412000,0.0116,BID,28418000.0,FALL,6000.0,1665116240670000,REALTIME
trade,KRW-BTC,1665116241863,2022-10-07,04:17:21,1665116241785,28411000,0.00995612,ASK,28418000.0,FALL,7000.0,1665116241785000,REALTIME
trade,KRW-BTC,1665116241864,2022-10-07,04:17:21,1665116241785,28411000,0.00351624,ASK,28418000.0,FALL,7000.0,1665116241785001,REALTIME
trade,KRW-BTC,1665116242757,2022-10-07,04:17:22,1665116242680,28411000,0.00309966,BID,28418000.0,FALL,7000.0,1665116242680000,REALTIME
trade,KRW-BTC,1665116242758,2022-10-07,04:17:22,1665116242680,28412000,0.0650449,BID,28418000.0,FALL,6000.0,1665116242680001,REALTIME
trade,KRW-BTC,1665116242758,2022-10-07,04:17:22,1665116242680,28412000,0.01305544,BID,28418000.0,FALL,6000.0,1665116242680002,REALTIME
trade,KRW-BTC,1665116243272,2022-10-07,04:17:23,1665116243203,28412000,0.00281,BID,28418000.0,FALL,6000.0,1665116243203000,REALTIME
trade,KRW-BTC,1665116243876,2022-10-07,04:17:23,1665116243828,28412000,0.034,BID,28418000.0,FALL,6000.0,1665116243828000,REALTIME
trade,KRW-BTC,1665116244506,2022-10-07,04:17:24,1665116244464,28412000,0.00475506,BID,28418000.0,FALL,6000.0,1665116244464000,REALTIME
trade,KRW-BTC,1665116244555,2022-10-07,04:17:24,1665116244510,28412000,0.01637808,BID,28418000.0,FALL,6000.0,1665116244510000,REALTIME
trade,KRW-BTC,1665116244727,2022-10-07,04:17:24,1665116244682,28412000,0.0588,BID,28418000.0,FALL,6000.0,1665116244682000,REALTIME
trade,KRW-BTC,1665116245291,2022-10-07,04:17:25,1665116245235,28412000,0.01720142,BID,28418000.0,FALL,6000.0,1665116245235000,REALTIME
trade,KRW-BTC,1665116245292,2022-10-07,04:17:25,1665116245235,28412000,0.00693858,BID,28418000.0,FALL,6000.0,1665116245235001,REALTIME
trade,KRW-BTC,1665116245826,2022-10-07,04:17:25,1665116245764,28412000,0.01065899,BID,28418000.0,FALL,6000.0,1665116245764000,REALTIME
trade,KRW-BTC,1665116245827,2022-10-07,04:17:25,1665116245764,28417000,0.02210065,BID,28418000.0,FALL,1000.0,1665116245764001,REALTIME
trade,KRW-BTC,1665116247333,2022-10-07,04:17:27,1665116247259,28417000,0.04221,BID,28418000.0,FALL,1000.0,1665116247259000,REALTIME
trade,KRW-BTC,1665116250393,2022-10-07,04:17:30,1665116250316,28408000,0.0732614,ASK,28418000.0,FALL,10000.0,1665116250316000,REALTIME
trade,KRW-BTC,1665116250394,2022-10-07,04:17:30,1665116250316,28408000,0.028147,ASK,28418000.0,FALL,10000.0,1665116250316001,REALTIME
trade,KRW-BTC,1665116250394,2022-10-07,04:17:30,1665116250316,28408000,0.03520135,ASK,28418000.0,FALL,10000.0,1665116250316002,REALTIME
trade,KRW-BTC,1665116250394,2022-10-07,04:17:30,1665116250316,28407000,0.00334477,ASK,28418000.0,FALL,11000.0,1665116250316003,REALTIME
trade,KRW-BTC,1665116250394,2022-10-07,04:17:30,1665116250316,28407000,0.00446493,ASK,28418000.0,FALL,11000.0,1665116250316004,REALTIME
trade,KRW-BTC,1665116252704,2022-10-07,04:17:32,1665116252639,28417000,0.00070405,BID,28418000.0,FALL,1000.0,1665116252639000,REALTIME
trade,KRW-BTC,1665116256096,2022-10-07,04:17:36,1665116256017,28412000,0.00789483,BID,28418000.0,FALL,6000.0,1665116256017000,REALTIME
trade,KRW-BTC,1665116256097,2022-10-07,04:17:36,1665116256017,28412000,0.00017959,BID,28418000.0,FALL,6000.0,1665116256017001,REALTIME
trade,KRW-BTC,1665116256326,2022-10-07,04:17:36,1665116256280,28412000,0.0222307,BID,28418000.0,FALL,6000.0,1665116256280000,REALTIME
trade,KRW-BTC,1665116256774,2022-10-07,04:17:36,1665116256714,28412000,0.0645,BID,28418000.0,FALL,6000.0,1665116256714000,REALTIME
trade,KRW-BTC,1665116257053,2022-10-07,04:17:36,1665116256989,28412000,6.608e-05,BID,28418000.0,FALL,6000.0,1665116256989000,REALTIME
trade,KRW-BTC,1665116257054,2022-10-07,04:17:36,1665116256989,28417000,0.00430607,BID,28418000.0,FALL,1000.0,1665116256989001,REALTIME
trade,KRW-BTC,1665116264409,2022-10-07,04:17:44,1665116264352,28417000,0.00812893,BID,28418000.0,FALL,1000.0,1665116264352000,REALTIME
trade,KRW-BTC,1665116265220,2022-10-07,04:17:45,1665116265173,28417000,0.0043646,BID,28418000.0,FALL,1000.0,1665116265173000,REALTIME
trade,KRW-BTC,1665116266041,2022-10-07,04:17:45,1665116265994,28407000,0.10372623,ASK,28418000.0,FALL,11000.0,1665116265994000,REALTIME
trade,KRW-BTC,1665116269090,2022-10-07,04:17:49,1665116269037,28417000,0.01055706,BID,28418000.0,FALL,1000.0,1665116269037000,REALTIME
trade,KRW-BTC,1665116269866,2022-10-07,04:17:49,1665116269819,28407000,0.00070406,ASK,28418000.0,FALL,11000.0,1665116269819000,REALTIME
trade,KRW-BTC,1665116272266,2022-10-07,04:17:52,1665116272129,28407000,0.00038722,ASK,28418000.0,FALL,11000.0,1665116272129000,REALTIME
trade,KRW-BTC,1665116272268,2022-10-07,04:17:52,1665116272129,28406000,0.00515408,ASK,28418000.0,FALL,12000.0,1665116272129001,REALTIME
trade,KRW-BTC,1665116272268,2022-10-07,04:17:52,1665116272129,28406000,0.12380984,ASK,28418000.0,FALL,12000.0,1665116272129002,REALTIME
trade,KRW-BTC,1665116272268,2022-10-07,04:17:52,1665116272129,28406000,0.01760212,ASK,28418000.0,FALL,12000.0,1665116272129003,REALTIME
trade,KRW-BTC,1665116272269,2022-10-07,04:17:52,1665116272129,28406000,0.1191739,ASK,28418000.0,FALL,12000.0,1665116272129004,REALTIME
trade,KRW-BTC,1665116272269,2022-10-07,04:17:52,1665116272129,28407000,0.01432533,ASK,28418000.0,FALL,11000.0,1665116272129005,REALTIME
trade,KRW-BTC,1665116272269,2022-10-07,04:17:52,1665116272129,28406000,0.0001995,ASK,28418000.0,FALL,12000.0,1665116272129006,REALTIME
trade,KRW-BTC,1665116272269,2022-10-07,04:17:52,1665116272129,28406000,0.00352038,ASK,28418000.0,FALL,12000.0,1665116272129007,REALTIME
trade,KRW-BTC,1665116272269,2022-10-07,04:17:52,1665116272129,28406000,0.00035203,ASK,28418000.0,FALL,12000.0,1665116272129008,REALTIME
trade,KRW-BTC,1665116272269,2022-10-07,04:17:52,1665116272129,28407000,0.00022536,ASK,28418000.0,FALL,11000.0,1665116272129009,REALTIME
trade,KRW-BTC,1665116272269,2022-10-07,04:17:52,1665116272129,28407000,0.00070585,ASK,28418000.0,FALL,11000.0,1665116272129010,REALTIME
trade,KRW-BTC,1665116279763,2022-10-07,04:17:59,1665116279709,28407000,0.0064,ASK,28418000.0,FALL,11000.0,1665116279709000,REALTIME
trade,KRW-BTC,1665116282572,2022-10-07,04:18:02,1665116282517,28417000,0.11995572,BID,28418000.0,FALL,1000.0,1665116282517000,REALTIME
trade,KRW-BTC,1665116282573,2022-10-07,04:18:02,1665116282517,28417000,0.01211328,BID,28418000.0,FALL,1000.0,1665116282517001,REALTIME
trade,KRW-BTC,1665116282573,2022-10-07,04:18:02,1665116282517,28417000,0.11434069,BID,28418000.0,FALL,1000.0,1665116282517002,REALTIME
trade,KRW-BTC,1665116285626,2022-10-07,04:18:05,1665116285580,28417000,0.02578502,ASK,28418000.0,FALL,1000.0,1665116285580000,REALTIME
trade,KRW-BTC,1665116286770,2022-10-07,04:18:06,1665116286723,28418000,0.07071662,BID,28418000.0,EVEN,0.0,1665116286723000,REALTIME
trade,KRW-BTC,1665116287828,2022-10-07,04:18:07,1665116287758,28417000,0.00135945,ASK,28418000.0,FALL,1000.0,1665116287758000,REALTIME
trade,KRW-BTC,1665116288621,2022-10-07,04:18:08,1665116288577,28418000,0.0007038,BID,28418000.0,EVEN,0.0,1665116288577000,REALTIME
trade,KRW-BTC,1665116289079,2022-10-07,04:18:09,1665116289035,28417000,0.22644584,ASK,28418000.0,FALL,1000.0,1665116289035000,REALTIME
trade,KRW-BTC,1665116299116,2022-10-07,04:18:19,1665116299055,28409000,0.00024633,ASK,28418000.0,FALL,9000.0,1665116299055000,REALTIME
trade,KRW-BTC,1665116299117,2022-10-07,04:18:19,1665116299055,28408000,0.00021824,ASK,28418000.0,FALL,10000.0,1665116299055001,REALTIME
trade,KRW-BTC,1665116299363,2022-10-07,04:18:19,1665116299308,28408000,0.0499,BID,28418000.0,FALL,10000.0,1665116299308000,REALTIME
trade,KRW-BTC,1665116299585,2022-10-07,04:18:19,1665116299530,28407000,0.00106602,ASK,28418000.0,FALL,11000.0,1665116299530000,REALTIME
trade,KRW-BTC,1665116300362,2022-10-07,04:18:20,1665116300291,28408000,0.0002,BID,28418000.0,FALL,10000.0,1665116300291000,REALTIME
trade,KRW-BTC,1665116302475,2022-10-07,04:18:22,1665116302407,28408000,0.0312547,BID,28418000.0,FALL,10000.0,1665116302407000,REALTIME
trade,KRW-BTC,1665116304641,2022-10-07,04:18:24,1665116304595,28408000,0.01033184,BID,28418000.0,FALL,10000.0,1665116304595000,REALTIME
trade,KRW-BTC,1665116304974,2022-10-07,04:18:24,1665116304905,28408000,0.00352013,BID,28418000.0,FALL,10000.0,1665116304905000,REALTIME
trade,KRW-BTC,1665116305038,2022-10-07,04:18:24,1665116304983,28408000,0.0061,BID,28418000.0,FALL,10000.0,1665116304983000,REALTIME
trade,KRW-BTC,1665116305110,2022-10-07,04:18:25,1665116305065,28408000,0.00452489,BID,28418000.0,FALL,10000.0,1665116305065000,REALTIME
trade,KRW-BTC,1665116306235,2022-10-07,04:18:26,1665116306183,28408000,0.00185413,BID,28418000.0,FALL,10000.0,1665116306183000,REALTIME
trade,KRW-BTC,1665116307263,2022-10-07,04:18:27,1665116307192,28408000,0.02201299,ASK,28418000.0,FALL,10000.0,1665116307192000,REALTIME
trade,KRW-BTC,1665116307264,2022-10-07,04:18:27,1665116307192,28408000,0.00152227,ASK,28418000.0,FALL,10000.0,1665116307192001,REALTIME
trade,KRW-BTC,1665116313984,2022-10-07,04:18:33,1665116313890,28408000,0.00199675,ASK,28418000.0,FALL,10000.0,1665116313890000,REALTIME
trade,KRW-BTC,1665116313985,2022-10-07,04:18:33,1665116313890,28408000,0.00775086,ASK,28418000.0,FALL,10000.0,1665116313890001,REALTIME
trade,KRW-BTC,1665116313985,2022-10-07,04:18:33,1665116313890,28408000,0.01067872,ASK,28418000.0,FALL,10000.0,1665116313890002,REALTIME
trade,KRW-BTC,1665116314483,2022-10-07,04:18:34,1665116314422,28408000,0.0059366,BID,28418000.0,FALL,10000.0,1665116314422000,REALTIME
trade,KRW-BTC,1665116314484,2022-10-07,04:18:34,1665116314422,28408000,0.0382271,BID,28418000.0,FALL,10000.0,1665116314422001,REALTIME
trade,KRW-BTC,1665116315002,2022-10-07,04:18:34,1665116314957,28408000,0.0126,BID,28418000.0,FALL,10000.0,1665116314957000,REALTIME
trade,KRW-BTC,1665116316121,2022-10-07,04:18:36,1665116316063,28407000,0.03267791,ASK,28418000.0,FALL,11000.0,1665116316063000,REALTIME
trade,KRW-BTC,1665116316590,2022-10-07,04:18:36,1665116316544,28408000,0.01759187,BID,28418000.0,FALL,10000.0,1665116316544000,REALTIME
trade,KRW-BTC,1665116316821,2022-10-07,04:18:36,1665116316755,28408000,0.0001761,BID,28418000.0,FALL,10000.0,1665116316755000,REALTIME
trade,KRW-BTC,1665116317014,2022-10-07,04:18:36,1665116316946,28408000,0.0126,BID,28418000.0,FALL,10000.0,1665116316946000,REALTIME
trade,KRW-BTC,1665116317037,2022-10-07,04:18:36,1665116316964,28407000,0.03466725,ASK,28418000.0,FALL,11000.0,1665116316964000,REALTIME
trade,KRW-BTC,1665116317640,2022-10-07,04:18:37,1665116317588,28408000,0.00035201,BID,28418000.0,FALL,10000.0,1665116317588000,REALTIME
trade,KRW-BTC,1665116319044,2022-10-07,04:18:38,1665116318971,28408000,0.0105,BID,28418000.0,FALL,10000.0,1665116318971000,REALTIME
trade,KRW-BTC,1665116320986,2022-10-07,04:18:40,1665116320941,28408000,0.0058,BID,28418000.0,FALL,10000.0,1665116320941000,REALTIME
trade,KRW-BTC,1665116323014,2022-10-07,04:18:42,1665116322969,28408000,0.0143,BID,28418000.0,FALL,10000.0,1665116322969000,REALTIME
trade,KRW-BTC,1665116324311,2022-10-07,04:18:44,1665116324239,28408000,0.00352013,BID,28418000.0,FALL,10000.0,1665116324239000,REALTIME
trade,KRW-BTC,1665116324659,2022-10-07,04:18:44,1665116324616,28408000,0.00070402,BID,28418000.0,FALL,10000.0,1665116324616000,REALTIME
trade,KRW-BTC,1665116326013,2022-10-07,04:18:45,1665116325954,28408000,0.04913029,BID,28418000.0,FALL,10000.0,1665116325954000,REALTIME
trade,KRW-BTC,1665116326014,2022-10-07,04:18:45,1665116325954,28408000,0.08362877,BID,28418000.0,FALL,10000.0,1665116325954001,REALTIME
trade,KRW-BTC,1665116331461,2022-10-07,04:18:51,1665116331416,28408000,0.0066,ASK,28418000.0,FALL,10000.0,1665116331416000,REALTIME
trade,KRW-BTC,1665116335330,2022-10-07,04:18:55,1665116335283,28408000,0.01007086,ASK,28418000.0,FALL,10000.0,1665116335283000,REALTIME
trade,KRW-BTC,1665116336529,2022-10-07,04:18:56,1665116336472,28408000,0.00561088,ASK,28418000.0,FALL,10000.0,1665116336472000,REALTIME
trade,KRW-BTC,1665116340864,2022-10-07,04:19:00,1665116340819,28408000,0.03519082,ASK,28418000.0,FALL,10000.0,1665116340819000,REALTIME
trade,KRW-BTC,1665116345737,2022-10-07,04:19:05,1665116345684,28408000,0.00204026,ASK,28418000.0,FALL,10000.0,1665116345684000,REALTIME
trade,KRW-BTC,1665116368059,2022-10-07,04:19:28,1665116368009,28417000,0.00175863,BID,28418000.0,FALL,1000.0,1665116368009000,REALTIME
trade,KRW-BTC,1665116376909,2022-10-07,04:19:36,1665116376845,28408000,0.00772812,ASK,28418000.0,FALL,10000.0,1665116376845000,REALTIME
trade,KRW-BTC,1665116376911,2022-10-07,04:19:36,1665116376845,28408000,0.32505245,ASK,28418000.0,FALL,10000.0,1665116376845001,REALTIME
trade,KRW-BTC,1665116376911,2022-10-07,04:19:36,1665116376845,28408000,0.01342078,ASK,28418000.0,FALL,10000.0,1665116376845002,REALTIME
trade,KRW-BTC,1665116376911,2022-10-07,04:19:36,1665116376845,28408000,0.00581217,ASK,28418000.0,FALL,10000.0,1665116376845003,REALTIME
trade,KRW-BTC,1665116378748,2022-10-07,04:19:38,1665116378699,28408000,0.03800844,ASK,28418000.0,FALL,10000.0,1665116378699000,REALTIME
trade,KRW-BTC,1665116380329,2022-10-07,04:19:40,1665116380283,28417000,0.00033772,BID,28418000.0,FALL,1000.0,1665116380283000,REALTIME
trade,KRW-BTC,1665116383032,2022-10-07,04:19:42,1665116382984,28408000,0.02220257,ASK,28418000.0,FALL,10000.0,1665116382984000,REALTIME
trade,KRW-BTC,1665116384230,2022-10-07,04:19:44,1665116384079,28407000,0.07669883,ASK,28418000.0,FALL,11000.0,1665116384079000,REALTIME
trade,KRW-BTC,1665116384232,2022-10-07,04:19:44,1665116384079,28408000,0.11473654,ASK,28418000.0,FALL,10000.0,1665116384079001,REALTIME
trade,KRW-BTC,1665116384232,2022-10-07,04:19:44,1665116384079,28405000,0.00619461,ASK,28418000.0,FALL,13000.0,1665116384079002,REALTIME
trade,KRW-BTC,1665116384232,2022-10-07,04:19:44,1665116384079,28408000,0.0100639,ASK,28418000.0,FALL,10000.0,1665116384079003,REALTIME
trade,KRW-BTC,1665116384232,2022-10-07,04:19:44,1665116384079,28406000,0.00035203,ASK,28418000.0,FALL,12000.0,1665116384079004,REALTIME
trade,KRW-BTC,1665116384232,2022-10-07,04:19:44,1665116384079,28408000,0.00070895,ASK,28418000.0,FALL,10000.0,1665116384079005,REALTIME
trade,KRW-BTC,1665116384232,2022-10-07,04:19:44,1665116384079,28405000,0.0035205,ASK,28418000.0,FALL,13000.0,1665116384079006,REALTIME
trade,KRW-BTC,1665116384232,2022-10-07,04:19:44,1665116384079,28408000,0.0004222,ASK,28418000.0,FALL,10000.0,1665116384079007,REALTIME
trade,KRW-BTC,1665116384232,2022-10-07,04:19:44,1665116384079,28405000,0.00019352,ASK,28418000.0,FALL,13000.0,1665116384079008,REALTIME
trade,KRW-BTC,1665116384232,2022-10-07,04:19:44,1665116384079,28407000,0.00026842,ASK,28418000.0,FALL,11000.0,1665116384079009,REALTIME
trade,KRW-BTC,1665116384232,2022-10-07,04:19:44,1665116384079,28405000,0.10643606,ASK,28418000.0,FALL,13000.0,1665116384079010,REALTIME
trade,KRW-BTC,1665116384232,2022-10-07,04:19:44,1665116384079,28408000,0.01420751,ASK,28418000.0,FALL,10000.0,1665116384079011,REALTIME
trade,KRW-BTC,1665116384232,2022-10-07,04:19:44,1665116384079,28405000,0.00166622,ASK,28418000.0,FALL,13000.0,1665116384079012,REALTIME
trade,KRW-BTC,1665116384232,2022-10-07,04:19:44,1665116384079,28408000,0.00435841,ASK,28418000.0,FALL,10000.0,1665116384079013,REALTIME
trade,KRW-BTC,1665116384232,2022-10-07,04:19:44,1665116384079,28407000,0.01789799,ASK,28418000.0,FALL,11000.0,1665116384079014,REALTIME
trade,KRW-BTC,1665116384232,2022-10-07,04:19:44,1665116384079,28408000,0.00176006,ASK,28418000.0,FALL,10000.0,1665116384079015,REALTIME
trade,KRW-BTC,1665116384232,2022-10-07,04:19:44,1665116384079,28406000,0.06595969,ASK,28418000.0,FALL,12000.0,1665116384079016,REALTIME
trade,KRW-BTC,1665116384232,2022-10-07,04:19:44,1665116384079,28408000,0.00193607,ASK,28418000.0,FALL,10000.0,1665116384079017,REALTIME
trade,KRW-BTC,1665116408518,2022-10-07,04:20:08,1665116408463,28409000,0.10795444,ASK,28418000.0,FALL,9000.0,1665116408463000,REALTIME
trade,KRW-BTC,1665116412862,2022-10-07,04:20:12,1665116412814,28417000,0.00540394,BID,28418000.0,FALL,1000.0,1665116412814000,REALTIME
trade,KRW-BTC,1665116425958,2022-10-07,04:20:25,1665116425913,28409000,0.01803028,ASK,28418000.0,FALL,9000.0,1665116425913000,REALTIME
trade,KRW-BTC,1665116427284,2022-10-07,04:20:27,1665116427141,28405000,0.04176562,ASK,28418000.0,FALL,13000.0,1665116427141000,REALTIME
trade,KRW-BTC,1665116427285,2022-10-07,04:20:27,1665116427141,28405000,0.0007041,ASK,28418000.0,FALL,13000.0,1665116427141001,REALTIME
trade,KRW-BTC,1665116427285,2022-10-07,04:20:27,1665116427141,28408000,0.03520135,ASK,28418000.0,FALL,10000.0,1665116427141002,REALTIME
trade,KRW-BTC,1665116427285,2022-10-07,04:20:27,1665116427141,28408000,0.00352013,ASK,28418000.0,FALL,10000.0,1665116427141003,REALTIME
trade,KRW-BTC,1665116427285,2022-10-07,04:20:27,1665116427141,28405000,0.03350366,ASK,28418000.0,FALL,13000.0,1665116427141004,REALTIME
trade,KRW-BTC,1665116427285,2022-10-07,04:20:27,1665116427141,28409000,0.01306604,ASK,28418000.0,FALL,9000.0,1665116427141005,REALTIME
trade,KRW-BTC,1665116427285,2022-10-07,04:20:27,1665116427141,28409000,0.01551973,ASK,28418000.0,FALL,9000.0,1665116427141006,REALTIME
trade,KRW-BTC,1665116427285,2022-10-07,04:20:27,1665116427141,28408000,0.03520525,ASK,28418000.0,FALL,10000.0,1665116427141007,REALTIME
trade,KRW-BTC,1665116427285,2022-10-07,04:20:27,1665116427141,28405000,0.0007059,ASK,28418000.0,FALL,13000.0,1665116427141008,REALTIME
trade,KRW-BTC,1665116427285,2022-10-07,04:20:27,1665116427141,28408000,0.01638651,ASK,28418000.0,FALL,10000.0,1665116427141009,REALTIME
trade,KRW-BTC,1665116441562,2022-10-07,04:20:41,1665116441490,28405000,0.05295055,ASK,28418000.0,FALL,13000.0,1665116441490000,REALTIME
trade,KRW-BTC,1665116442893,2022-10-07,04:20:42,1665116442795,28409000,0.00297278,BID,28418000.0,FALL,9000.0,1665116442795000,REALTIME
trade,KRW-BTC,1665116442894,2022-10-07,04:20:42,1665116442795,28408000,0.01473121,BID,28418000.0,FALL,10000.0,1665116442795001,REALTIME
trade,KRW-BTC,1665116447666,2022-10-07,04:20:47,1665116447588,28409000,0.0001848,BID,28418000.0,FALL,9000.0,1665116447588000,REALTIME
trade,KRW-BTC,1665116453327,2022-10-07,04:20:53,1665116453245,28409000,0.00729263,BID,28418000.0,FALL,9000.0,1665116453245000,REALTIME
trade,KRW-BTC,1665116453328,2022-10-07,04:20:53,1665116453245,28409000,0.0278723,BID,28418000.0,FALL,9000.0,1665116453245001,REALTIME
trade,KRW-BTC,1665116467011,2022-10-07,04:21:06,1665116466947,28408000,0.0352702,ASK,28418000.0,FALL,10000.0,1665116466947000,REALTIME
trade,KRW-BTC,1665116467012,2022-10-07,04:21:06,1665116466947,28408000,0.01840036,ASK,28418000.0,FALL,10000.0,1665116466947001,REALTIME
trade,KRW-BTC,1665116476667,2022-10-07,04:21:16,1665116476600,28408000,0.03019901,ASK,28418000.0,FALL,10000.0,1665116476600000,REALTIME
trade,KRW-BTC,1665116479279,2022-10-07,04:21:19,1665116479231,28408000,0.04922953,ASK,28418000.0,FALL,10000.0,1665116479231000,REALTIME
trade,KRW-BTC,1665116483593,2022-10-07,04:21:23,1665116483543,28408000,0.01801089,ASK,28418000.0,FALL,10000.0,1665116483543000,REALTIME
trade,KRW-BTC,1665116483594,2022-10-07,04:21:23,1665116483543,28408000,0.1021711,ASK,28418000.0,FALL,10000.0,1665116483543001,REALTIME
trade,KRW-BTC,1665116487962,2022-10-07,04:21:27,1665116487888,28409000,0.00211095,BID,28418000.0,FALL,9000.0,1665116487888000,REALTIME
trade,KRW-BTC,1665116488336,2022-10-07,04:21:28,1665116488288,28408000,0.01078369,ASK,28418000.0,FALL,10000.0,1665116488288000,REALTIME
trade,KRW-BTC,1665116493759,2022-10-07,04:21:33,1665116493683,28408000,0.10114985,ASK,28418000.0,FALL,10000.0,1665116493683000,REALTIME
trade,KRW-BTC,1665116504588,2022-10-07,04:21:44,1665116504512,28408000,0.0064,ASK,28418000.0,FALL,10000.0,1665116504512000,REALTIME
trade,KRW-BTC,1665116510205,2022-10-07,04:21:50,1665116510134,28408000,0.00455002,ASK,28418000.0,FALL,10000.0,1665116510134000,REALTIME
trade,KRW-BTC,1665116510206,2022-10-07,04:21:50,1665116510134,28408000,0.00017604,ASK,28418000.0,FALL,10000.0,1665116510134001,REALTIME
trade,KRW-BTC,1665116510206,2022-10-07,04:21:50,1665116510134,28408000,0.01055512,ASK,28418000.0,FALL,10000.0,1665116510134002,REALTIME
trade,KRW-BTC,1665116510206,2022-10-07,04:21:50,1665116510134,28408000,0.08951133,ASK,28418000.0,FALL,10000.0,1665116510134003,REALTIME
trade,KRW-BTC,1665116514263,2022-10-07,04:21:54,1665116514131,28408000,0.00772216,ASK,28418000.0,FALL,10000.0,1665116514131000,REALTIME
trade,KRW-BTC,1665116514263,2022-10-07,04:21:54,1665116514131,28408000,0.06881558,ASK,28418000.0,FALL,10000.0,1665116514131001,REALTIME
trade,KRW-BTC,1665116514263,2022-10-07,04:21:54,1665116514131,28408000,0.00704027,ASK,28418000.0,FALL,10000.0,1665116514131002,REALTIME
trade,KRW-BTC,1665116514263,2022-10-07,04:21:54,1665116514131,28408000,0.02464094,ASK,28418000.0,FALL,10000.0,1665116514131003,REALTIME
trade,KRW-BTC,1665116514263,2022-10-07,04:21:54,1665116514131,28408000,0.00176006,ASK,28418000.0,FALL,10000.0,1665116514131004,REALTIME
trade,KRW-BTC,1665116519971,2022-10-07,04:21:59,1665116519898,28408000,0.08212303,ASK,28418000.0,FALL,10000.0,1665116519898000,REALTIME
trade,KRW-BTC,1665116522902,2022-10-07,04:22:02,1665116522813,28405000,0.00294706,ASK,28418000.0,FALL,13000.0,1665116522813000,REALTIME
trade,KRW-BTC,1665116522903,2022-10-07,04:22:02,1665116522813,28408000,0.01015481,ASK,28418000.0,FALL,10000.0,1665116522813001,REALTIME
trade,KRW-BTC,1665116522903,2022-10-07,04:22:02,1665116522813,28405000,0.08583171,ASK,28418000.0,FALL,13000.0,1665116522813002,REALTIME
trade,KRW-BTC,1665116526978,2022-10-07,04:22:06,1665116526924,28409000,0.02918349,BID,28418000.0,FALL,9000.0,1665116526924000,REALTIME
trade,KRW-BTC,1665116526978,2022-10-07,04:22:06,1665116526924,28409000,0.01786177,BID,28418000.0,FALL,9000.0,1665116526924001,REALTIME
trade,KRW-BTC,1665116526978,2022-10-07,04:22:06,1665116526924,28409000,0.12293571,BID,28418000.0,FALL,9000.0,1665116526924002,REALTIME
trade,KRW-BTC,1665116531282,2022-10-07,04:22:11,1665116531215,28404000,0.02602677,ASK,28418000.0,FALL,14000.0,1665116531215000,REALTIME
trade,KRW-BTC,1665116531284,2022-10-07,04:22:11,1665116531215,28409000,0.11147923,ASK,28418000.0,FALL,9000.0,1665116531215001,REALTIME
trade,KRW-BTC,1665116531284,2022-10-07,04:22:11,1665116531215,28405000,0.06743792,ASK,28418000.0,FALL,13000.0,1665116531215002,REALTIME
trade,KRW-BTC,1665116531284,2022-10-07,04:22:11,1665116531215,28404000,0.00038726,ASK,28418000.0,FALL,14000.0,1665116531215003,REALTIME
trade,KRW-BTC,1665116531284,2022-10-07,04:22:11,1665116531215,28404000,0.00038726,ASK,28418000.0,FALL,14000.0,1665116531215004,REALTIME
trade,KRW-BTC,1665116534990,2022-10-07,04:22:14,1665116534883,28402000,0.02096633,ASK,28418000.0,FALL,16000.0,1665116534883000,REALTIME
trade,KRW-BTC,1665116534991,2022-10-07,04:22:14,1665116534883,28404000,0.00210762,ASK,28418000.0,FALL,14000.0,1665116534883001,REALTIME
trade,KRW-BTC,1665116534991,2022-10-07,04:22:14,1665116534883,28403000,0.00863808,ASK,28418000.0,FALL,15000.0,1665116534883002,REALTIME
trade,KRW-BTC,1665116534991,2022-10-07,04:22:14,1665116534883,28404000,0.00372877,ASK,28418000.0,FALL,14000.0,1665116534883003,REALTIME
trade,KRW-BTC,1665116534991,2022-10-07,04:22:14,1665116534883,28404000,0.00070592,ASK,28418000.0,FALL,14000.0,1665116534883004,REALTIME
trade,KRW-BTC,1665116534991,2022-10-07,04:22:14,1665116534883,28404000,0.00932039,ASK,28418000.0,FALL,14000.0,1665116534883005,REALTIME
trade,KRW-BTC,1665116534991,2022-10-07,04:22:14,1665116534883,28404000,0.0003518,ASK,28418000.0,FALL,14000.0,1665116534883006,REALTIME
trade,KRW-BTC,1665116534991,2022-10-07,04:22:14,1665116534883,28403000,0.00176037,ASK,28418000.0,FALL,15000.0,1665116534883007,REALTIME
trade,KRW-BTC,1665116534991,2022-10-07,04:22:14,1665116534883,28402000,0.00278325,ASK,28418000.0,FALL,16000.0,1665116534883008,REALTIME
trade,KRW-BTC,1665116534991,2022-10-07,04:22:14,1665116534883,28404000,0.00087936,ASK,28418000.0,FALL,14000.0,1665116534883009,REALTIME
trade,KRW-BTC,1665116534991,2022-10-07,04:22:14,1665116534883,28404000,0.00018772,ASK,28418000.0,FALL,14000.0,1665116534883010,REALTIME
trade,KRW-BTC,1665116538776,2022-10-07,04:22:18,1665116538709,28404000,0.00872529,BID,28418000.0,FALL,14000.0,1665116538709000,REALTIME
trade,KRW-BTC,1665116538777,2022-10-07,04:22:18,1665116538709,28416000,0.2464812,BID,28418000.0,FALL,2000.0,1665116538709001,REALTIME
trade,KRW-BTC,1665116538777,2022-10-07,04:22:18,1665116538709,28410000,0.0016,BID,28418000.0,FALL,8000.0,1665116538709002,REALTIME
trade,KRW-BTC,1665116540616,2022-10-07,04:22:20,1665116540567,28416000,0.00070397,BID,28418000.0,FALL,2000.0,1665116540567000,REALTIME
trade,KRW-BTC,1665116542008,2022-10-07,04:22:21,1665116541964,28404000,0.01759435,BID,28418000.0,FALL,14000.0,1665116541964000,REALTIME
trade,KRW-BTC,1665116544435,2022-10-07,04:22:24,1665116544394,28404000,0.00175957,BID,28418000.0,FALL,14000.0,1665116544394000,REALTIME
trade,KRW-BTC,1665116544661,2022-10-07,04:22:24,1665116544589,28404000,0.15667763,BID,28418000.0,FALL,14000.0,1665116544589000,REALTIME
trade,KRW-BTC,1665116552665,2022-10-07,04:22:32,1665116552619,28404000,0.00326277,ASK,28418000.0,FALL,14000.0,1665116552619000,REALTIME
trade,KRW-BTC,1665116554148,2022-10-07,04:22:34,1665116554101,28416000,0.00879346,BID,28418000.0,FALL,2000.0,1665116554101000,REALTIME
trade,KRW-BTC,1665116554759,2022-10-07,04:22:34,1665116554713,28404000,0.00379293,ASK,28418000.0,FALL,14000.0,1665116554713000,REALTIME
